https://www.factorybuys.com.au/products/euro-top-mattress-king,Factory Buys 32cm Euro Top Mattress - King
https://dunlin.com.au/products/beadlight-cirrus,Beadlight Cirrus LED Reading Light
https://themodern.net.au/products/hamar-plant-stand-ash,Hamar Plant Stand - Ash
https://furniturefetish.com.au/products/oslo-office-chair-white,
https://hemisphereliving.com.au/products/,
https://interiorsonline.com.au/products/interiors-online-gift-card,Gift Cards | RJ Living
https://livingedge.com.au/products/tables/dining,Dining Tables | Living Edge
https://www.knoll.com/design-plan/products/by-designer/knoll,Designer Florence Knoll | Knoll
https://vastinterior.com.au/products/samson-daybed-single-2,Samson Daybed Single
https://www.hudsonfurniture.com.au/products/string-weave-timber-stool,String weave timber stool
https://dhfonline.com/products/gift-card,Gift Card ‚Äì Donna's Home Furnishings
https://www.tandemarbor.com/products/kaiser-box-bed-blush-plush-velvet,Kaiser Box Bed - Blush Plush Velvet - Tandem Arbor
https://www.perchfurniture.com/products/hoyt-chair,Hoyt Modern Armchair ‚Äì Perch Furniture
https://4-chairs.com/products/mason-chair,Mason Chair
https://www.theinside.com/products/x-bench-onyx-austin-stripe-by-old-world-weavers/PTM_XBench_OnyxAustinStripeByOldWorldWeavers,
https://pinchdesign.com/products/yves-desk,"View the Yves desk | Refined elegance by PINCH ‚Äî Pinch DesignSearch QueryCabinetryUpholsteryChairs and stoolsTables and desksBedsLightingAccessoriesSpecial editionsAlsoAboutCollaborationsContactHow to buyOur filmMaking beautiful thingsTradePressWork with usEx-displayRest of the world+44 (0) 207 622 5075Make an enquiryFollow us onlineRest of the worldSlide 1 of 3Yves desk¬£3,550 Includes VAT. Excludes shipping or overseas crating.The Yves desk is an elegant and compact writing desk, with softly sculpted legs and a tiered top. It has an inlaid dark brown leather writing surface, two drawers and a cable access hole to each side at the rear of the desk."
https://www.do-shop.com/products/gift-card,Gift Voucher - Do Shop
https://claytongrayhome.com/products/palecek-coco-ruffle-mirror,Palecek Coco Ruffle Mirror
https://dfohome.com/products/patio-furniture/swings/all-swings,Shop our entire collection of porch swings | DFOhome
https://www.kmpfurniture.com/fire_collection/products/beds_80.html,Modern platform beds |  beds | japanese  platform beds - Fire Collection                                                                  Living Dining Bedroom Lighting Storage Accessories  Design Consultations & Sales Assistance1.888.567.2228      Black Friday Week Long Sales Event | Coupon Code:  | Ends November 26th | For Custom Orders 1.888.567.2228   Find a Store About KMP| Contact KMP| My Account| View Cart|            Design Consultations& Sales Assistance ‚òé 1.888.567.2228                Home  Living
https://www.furnitureworldgalleries.com/products/,Products - Furniture World Galleries
https://cityfurnitureshop.com/collections/greenington/products/azara-bed,"0


Your cart"
https://www.theguestroomfurniture.com/products/,"Quality Home Furniture ‚Äì Bedroom, Living Room, Dining Room ‚Äì Made In The USA ‚Äî  The Guest Room Furniture"
https://www.danishinspirations.com/products/products/bedroom/page/3/,"Modern and Contemporary Bedroom Furniture, Houston, Texas"
https://columbineshowroom.com/products/,"Products - Columbine Showroom - Denver, CO"
https://emfurn.com/products/aaron-sofa,Aaron Mid Century Modern Upholstered Sofa
https://galvinbrothers.co.uk/products/alfandbud,Alf & Bud Side Tables
https://tyfinefurniture.com/products/enso-platform-bed,"Enso Platform Bed - Solid Wood - Handmade in Columbus, Ohio"
https://24estyle.com/products/eliza-fan,Eliza Fan
https://www.cranmorehome.com.au/products/gift-card,GIFT CARD ‚Äì Cranmore Home & Co.
https://www.vavoom.com.au/products/ebony-chest,"Buy Tallboys & Dressers, Chest of Drawers Online | VAVOOM"
https://www.goodwoodfurniture.com.au/products/wardrobes/colonial-robe/,"Colonial Robe | Wardrobes | Products | Good Wood Furniture, Bondi Junction, Sydney"
https://www.yellowleafhammocks.com/products/hammock-gift-card,Give a Hammock Gift Card: All Yellow Leaf Hammocks & Hanging Chairs
https://asplundstore.se/products/fish-bricka,Fish bricka vit | ASPLUND Store
https://www.mybudgetfurniture.com/products/3pc-sectional,Sectional + Ottoman Convertible Sleeper ‚Äì My Budget Furniture
https://www.fads.co.uk/products/living/sofas/sofa-beds/,Buy Sofa Beds at FADS Home Style | Leather & Fabric | Home Furniture
https://www.hipvan.com/products/sleep-mattress?ref=nav_dropdown,"SLEEP Mattress, Mattresses by HipVan | HipVan"
https://dwell.co.uk/products/sleep/type/bed/,Contemporary Beds & Mattresses | dwell
https://www.timothyoulton.com/products/living/sectional-sofas,"Leather, Linen, & Velvet Sectional Sofas by Timothy Oulton - Timothy Oulton"
https://www.warmnordic.com/global/products/news,news ‚Äì Warm Nordic
https://www.royaloakfurniture.co.uk/products/pop-bench,Arncliffe Pop Bench ‚Äì Royal Oak Furniture Company
https://mulamu.com/products/membership,MEMBERSHIP - Mulamu Furnishings
https://theodores.com/products/,Modern Furniture Washington DC - Cantoni
https://www.jensen-lewis.com/products/guardsman-gold-complete-plan,Guardsman Protection Plan - Furniture Accident Insurance
https://cultdesign.co.nz/products/molloy-chair,Molloy Chair
https://www.gloster.com/en/products/materials/teak,"Gloster
































√óView all CollectionsProductsSearch ProductsVideosPlannerMoodboardBlogCatalogueFind StoreAboutLibraryMENUTeak, crafts and innovationHomeProductsMaterialsteakTeakTeak is a close grained hardwood with a high natural oil content. This makes it hard wearing, highly resistant to rotting and almost impervious to the effects of sun, rain, frost or snow. These characteristics combine to make it the ideal timber for all outdoor applications. Only premium grade plantation-grown teak is used for the manufacture of Gloster furniture. The features of premium grade teak are a straight grain structure, the absence of knots, splits or cracks and an even overall colour.INDOOR USEGloster buffed teak benefits from an enhanced surface preparation procedure, where the natural oils already contained within the teak are brought to the surface and burnished to produce a rich sheen and a consistent colour. If you intend to use your furniture indoors or under cover outside (where it will not get wet), the teak will retain much of its original colour and the soft sheen of its buffed finish. Any marks, stains or damage to the buffed teak finish can be restored using the Gloster Buffed Teak Repair Kit.OUTDOOR USEGloster buffed teak benefits from an enhanced surface preparation procedure, where the natural oils already contained within the teak are brought to the surface and burnished to produce a rich sheen and a consistent colour.As with natural finish teak, left to age naturally outside, buffed teak will gradually change to a soft, silver-grey as the pigments in the surface layer of the wood begin to fade away. After the first few exposures to water, you should also expect the surface grain to rise slightly. As a part of the buffing process, the surface is wetted before final sanding to raise the grain, so there will be significantly less raised grain on buffed teak than on natural finish teak. We recommend that you allow your teak furniture to weather naturally this way and simply clean thoroughly once or twice a year with our Teak Cleaner. Buffed teak furniture may also benefit from an occasional light sanding to remove any raised grain and restore a smooth finish to the surface. Under no circumstances should a power washer be used to clean teak furniture as this will erode the surface.Because teak is a naturally oily wood, it is not possible to paint or varnish. Any paint or varnish applied will not adhere properly to the surface and after a short while will start to peel off.If you wish to retain the golden-brown colour of new teak we also offer a Teak Sealer. Application of Teak Sealer will not affect the strength or longevity of the furniture in any way, just its appearance. If you elect to use Teak Sealer you will be embarking on a regular maintenance programme as Teak Sealer needs to be regularly re-applied to provide continuous protection.If you intend to store your furniture over the winter, we recommend that you do so in a water-tight garden shed or garage. However, we advise that you do not move teak furniture from the garden straight into a heated indoor room for storage, as the sharp differences in temperature and humidity may cause the wood to split.To protect teak surfaces from staining and to help maintain the silver-grey patina on weathered teak, we recommend using our Teak Protector. Our Teak Protector creates an almost invisible shield which helps to prevent food (coffee, ketchup, red wine, olive oil, etc.) penetrating into the teak and causing unsightly stains. Teak Protector also helps protects the wood against the ingress of moisture, the adhesion of dirt and prevents mildew growth.Collections Using Teak180AccessoriesArchiBayBellsBlockBlowBoraCarverCosoCradleDeckFernGridGrid CabanaHavenKashaKayLightingLimaMayaMistralOmadaRawSaranacSepalSwayTridentWhirlWilliamZenithFollow usGloster Furniture GmbHTel: +49 4131 28753-0 CONTACT GLOSTER Your region:¬†Rest of WorldPRIVACY STATEMENTABOUT COOKIESIMPRINT"
https://capsulehome.com/products/frey-sofa'%3EFrey%20Sofa%3C/a%3E%20and%20I%20wanted%20to%20share%20it%20with%20you,Capsule Home ‚Äì Opening Soon
https://www.normann-copenhagen.com/en/en/products/tivoli/lamps/toli-lamp--20-cm-eu-5005028,Lamps | Modern lighting for your interior
https://allwoodfurn.com/products/group-119-rustic-two-tone-gathering-table-and-barstools,Rusitc Two Tone Gathering Table and Barstools - Allwood Furniture
https://lostine.com/products/jack-chairs,Jack Wood and Leather Stools - Tan
https://www.somedaydesigns.co.uk/products/muuto-tip-lamp?variant=513748041743,Muuto Tip Table Lamp | someday designs
https://www.mainecottage.com/collections/workspace/products/big-cay-desk,Big Cay Desk | Maine Cottage
https://vancouverwoodworks.com/products/aamerica-wslcb5091,Westlake Queen Storage Bed Bedroom furniture
https://www.kannoa.com/products/lipa-barstool,Lipa Barstool
https://furnitureoutletnc.com/products/deluxe-full-mattress,Furniture Outlet of Wilmington
https://www.thefurnituremegastore.co.uk/products/noir-80x180-cm-wall-mirror,"Quirky Home Accessories and Furniture, furnituremegastore.co.uk ‚Äî The Furniture Mega Store"
https://eurolivingfurniture.com/products/746-writing-desk,"Euro Living | Modern Furniture Store In Orlando, FL and Dallas, TX"
https://www.efurnitureny.com/products/wardrobes-and-closets/wardrobe-closet-and-armoires,
https://decorium.us/products/costa-adjustable-barstool,Costa Adjustable Barstool ‚Äì Decorium Furnitures
https://www.softsquare.com/collections/usm-haller/products/usm-haller-media-o1,side table O118 | USM Haller
https://najarianfurniture.com/products/roma-sofa-pebble,Roma - Divano Roma Furniture - Najarian Furniture
https://qualitywoods.com/products/qw-amish-mckee-6pc-dining-set?variant=31793708105810,QW Amish McKee 6pc Dining Set
https://americanbackyard.com/products/gift-card,Gift Card ‚Äì American Backyard
https://www.roccityfurniture.com/products/abney-4pc-set/,Shop | ROC City Furniture
https://craftassociatesfurniture.com/products/craft-associates-wool-lounge-chairs-1519,Modern Lounge Chairs | Canadian Modern Lounge Chairs - 1519 | Craft ‚Äì craft associates¬Æ furniture
https://huset-shop.com/products/gift-card,Gift Card
https://www.scotmeachamwoodhome.com/products/hodges-tweed,Hodges Tweed
https://www.espasso.com/products/tearsheet/1815,%PDF-1.4
https://sika-design.com/products/belladonna-nature,"All Products - Sika-Design.com                      




















 


   
   

 






     
 
  Our website will be updated November 3-5, 2023. Inconsistencies might occur. We apologize if this causes any inconvenience!  






     
                  Store locator"
https://thebellacottage.com/products/barrel-bar,Barrel Bar | The Bella Cottage ‚Äì The Bella Cottage Inc.
https://www.skandium.com/products/ch24-soft,CH24 Wishbone Chair - Beech - Soft colours by Carl Hansen | Shop at Skandium London
https://www.woodwaves.com/products/gray-floating-tv-stand-entertainment-center-eco-geo-lakewood,Gray Floating TV Stand Entertainment Center - ECO GEO Lakewood - Woodwaves
https://jeremiahcollection.com/products/record-storage-console,Mid Century Record Storage Console
https://thefinestore.com/products/gift-card,The Fine Store Gift Card
https://lorfords.com/collections/the-armchair-collection/products/the-bayswater-armchair,The Bayswater Armchair | Luxury Armchair by Lorfords
https://pastperfect.sg/products/,Products Archive - The Past Perfect Collection
https://bastilleandsons.com.au/products/ottoman-leo,"Ottoman ""Leo"""
https://classicwithatwist.com.au/products/1900-bench,1900 BENCH | Fermob
https://thewoodroom.com.au/products/take-me-back,Take Me Back
https://thebanyantree.com.au/products/gift-card,GIFT VOUCHER
https://hauserstores.com/products/mesa-sofa?view=product-alt,Mesa Sofa
https://boahaus.com/products/boahaus-urban-dressing-table,Alice Vanity
https://livingbydesign.net.au/products/sorensen-teak-bench-seat-dining,SORENSEN TEAK BENCH | 100CM
https://www.living-home.co.uk/products/58-07-valencia-side-table,Milan Side Table ‚Äì Living Home Furnishings
https://relm.com.au/products/,Collections ‚Äì Relm Furniture
https://www.bellus.com/products/,"Products - Bellus Furniture                             Toggle navigation       HomeProductsNewsCloud-systemWarrantyOur storyContactsFind a dealerMarketing All products Sofas Sofa Beds Beds Chairs Footstools Search product Search  Categories  138 Sofas   37 Modular sofas   102 Corner sofas   27 Sofa Beds   15 Footstools   26 Beds   18 Headboards   15 Chairs   8 Accessories   1 Neckrests   4 Adjustable   15 Continental   4 Single   11 Top mattresses   6 Accessories   18 Headboards Products        Adjustable Diamond   Adjustable Galaxy   Adjustable Luoto   Adjustable Silk   Adjustable Silk Skirt   Adria   Adriana   Agnes   Aida   Alba   Allegro   Alpha   Alto   Amanda   Ancona   Andango   Aqva   Arena   Ariel   Arizona   Arthur   Aspen   Astor   Austin   Bed box   Bed box Windsor   Bench Ness   Bench Rubin   Bench Superior   Bench Zafir   Bentley   Beverly   Blaze   Blend   Bolero   Boni   Boom   Boulevard   Brooklyn   Bublee   Carisma   Carta   Casino   Charles   Chic   Chic Footstool   Chicago   Chill   Coffee   Colorado   Comet   Como   Compact Bliss   Continental 1000   Continental City   Continental Diamond   Continental Galaxy   Continental Grace   Continental Loft   Continental Loft Plus   Continental Luoto   Continental Lux   Continental Marino Plus   Continental Sandhamn   Continental Seili   Continental Silk   Continental Str√∂mma   Copenhagen   Coral   Cumulus   Dakota   Dallas   Discovery   Donovan   Dream   Duetto   Easy   Edmund   Ego   Ellie   Emen   Envelope   Everton   Fargo   Faro   Felicia   Fiesta   Firenze   Floor pillow   Freestyle   Funkis   Geneve   Goa   Grace   Grande   Gregory   Gustavo   Headboard Basic   Headboard Bianca   Headboard Block   Headboard Chess   Headboard Classic   Headboard Comfort   Headboard Condor   Headboard Diamond   Headboard Edge   Headboard Grand   Headboard Harmony   Headboard Loft   Headboard Ness   Headboard Princess   Headboard Relax   Headboard Superior   Headboard Windsor   Headboard Zen   Henry   Hilton   Hudson   Indigo   Infinity   Invito   Isabel   Jade   Jasmin   Jonna   Julia   Jumbo Footstool   Kendo   Laguna   Largo   Lazy   Leone   Levi   Levian   Lodge   Lorenzo   Lorenzo Footstool   Lucas   Lugano   Lumo   Luna   Magnum   Magnum Footstool   Malta   Mamba   Marilyn   Mateo   Merion   Merion Footstool   Metropol   Mia   Miami   Mirella   Moby   Mode Footstool   Mood Footstool   More   Nantes   Nardo   Neckrests   Newport   Nicole   Night table Dawn   Nord   Nordic   Nube   Ohio   Olbia   Oregon   Othello   Papillon   Party   Piave   Plaza   Presly   Presly footstool   Preston   Prince   Prio   Ravenna   Richmond   Rimini   River Footstool   Robin   Robust   Robust Footstool   Roma   Round Footstool   Sandy   Siena   Siena Footstool   Siesta   Single 1000   Single Classic   Single Luoto   Single Silk   Sion   Slim   Sm√∂gen   Soho   Standard Footstool   Style   Style Footstool   Superb   Surf   Tampa   Tema   Tempest   Terzo   Texas   Top mattress ‚Äì 1000 SUPERSOFT   Top mattress ‚Äì CUMULUS   Top mattress ‚Äì HR 40 COLD FOAM   Top mattress ‚Äì PROFILED FOAM   Top mattress ‚Äì Super Mega   Top mattress ‚Äì 1000 LATEX   Top mattress ‚Äì LATEX   Top mattress ‚Äì MEMORY   Top mattress ‚Äì SENSO   Top mattress ‚Äì SUPERIOR   Top mattress ‚Äì SUPERSOFT   Trendline   Tribeca   Verdi   Vienna   Vigo   Visby   Vuono   Wellington   Wilma   Zarra   Zarra Footstool   Zorrento Show more productsNews  Digital Roadmap project with EAS support Bellus Furniture O√ú carried out a digital roadmap project in cooperation with Lean O√ú. Within the framework of the project,‚Ä¶  Generators to Ukraine Situation with electricity supply is very difficult in Ukraine, power cuts happen every day. The cold weather is making it‚Ä¶New Products                  ContactsBellus Furniture O√ú Rakvere mnt 23a 45301 Haljala EstoniaTel +372 32 32130 Fax +372 32 32140 E-mail info@bellus.com ¬© 2015-2023 Bellus. All Rights Reserved. We use cookies on our website to give you the most relevant experience by remembering your preferences and repeat visits. By clicking ‚ÄúAccept All‚Äù, you consent to the use of ALL the cookies. However, you may visit ""Cookie Settings"" to provide a controlled consent.Cookie SettingsAccept AllManage consent   Close Privacy OverviewThis website uses cookies to improve your experience while you navigate through the website. Out of these, the cookies that are categorized as necessary are stored on your browser as they are essential for the working of basic functionalities of the website. We also use third-party cookies that help us analyze and understand how you use this website. These cookies will be stored in your browser only with your consent. You also have the option to opt-out of these cookies. But opting out of some of these cookies may affect your browsing experience.   Necessary   Necessary Always Enabled Necessary cookies are absolutely essential for the website to function properly. These cookies ensure basic functionalities and security features of the website, anonymously.CookieDurationDescriptioncookielawinfo-checkbox-analytics11 monthsThis cookie is set by GDPR Cookie Consent plugin. The cookie is used to store the user consent for the cookies in the category ""Analytics"".cookielawinfo-checkbox-functional11 monthsThe cookie is set by GDPR cookie consent to record the user consent for the cookies in the category ""Functional"".cookielawinfo-checkbox-necessary11 monthsThis cookie is set by GDPR Cookie Consent plugin. The cookies is used to store the user consent for the cookies in the category ""Necessary"".cookielawinfo-checkbox-others11 monthsThis cookie is set by GDPR Cookie Consent plugin. The cookie is used to store the user consent for the cookies in the category ""Other.cookielawinfo-checkbox-performance11 monthsThis cookie is set by GDPR Cookie Consent plugin. The cookie is used to store the user consent for the cookies in the category ""Performance"".viewed_cookie_policy11 monthsThe cookie is set by the GDPR Cookie Consent plugin and is used to store whether or not user has consented to the use of cookies. It does not store any personal data.  Functional   Functional Functional cookies help to perform certain functionalities like sharing the content of the website on social media platforms, collect feedbacks, and other third-party features.  Performance   Performance Performance cookies are used to understand and analyze the key performance indexes of the website which helps in delivering a better user experience for the visitors.  Analytics   Analytics Analytical cookies are used to understand how visitors interact with the website. These cookies help provide information on metrics the number of visitors, bounce rate, traffic source, etc.  Advertisement   Advertisement Advertisement cookies are used to provide visitors with relevant ads and marketing campaigns. These cookies track visitors across websites and collect information to provide customized ads.  Others   Others Other uncategorized cookies are those that are being analyzed and have not been classified into a category as yet. SAVE & ACCEPT"
https://modernkomfort.ca/products/glen,Glen Mirror
https://www.aarniooriginals.com/collections/shop/products/pony,"Pony chair by Eero Aarnio | Eero Aarnio Originals                      
























      
      






 






      Eero Aarnio Originals ‚Äì the sole authorised manufacturer of classic designs by Eero Aarnio.  






 


    
   
 

 
    
                      Collection  
                      Eero's Story  
                      The Archive  
                      About us  
                      News & Media  
                      Sample Gallery"
https://chansfurniture.com/products/copy-of-42-tennant-brand-modern-style-beatrice-bathroom-sink-vanity-tb-9433-v42-wenge-color,"42"" Tennant Brand Beatrice Navy Blue Modern Bathroom Sink Vanity TB-94 ‚Äì Chans Furniture"
https://hedgehousefurniture.com/products/windsor-bed,Windsor Bed
https://shop.vanillawood.com/products/plume-wallpaper,Plume Wallpaper ‚Äì Vanillawood
https://oakforless.com/products/gift-card,Gift Card
https://www.castlery.com/products/spot-shelf,Modern Furniture Store Online | CastleryChoose your local site to shopUnited StatesSingaporeAustralia
https://homestreethome.ie/products/zinc-tray,Round Vintage Zinc Tray | Home Street Home ‚Äì HomeStreetHome.ie
https://www.myconcept.com.hk/products/moo,"Moo - MyConcept Hong Kong                                         



















      
        

 






     
 
  Kare Design Promotion, 25% off with minimum purchase of $10,000 Until Feb 29.  






       
 
  
 
  
 

  
              Tel: 852-92104384   
                  About Us"
https://vauntdesign.com/products/forna-plant-stand-small,"Forna Metal Square Plant Stand, Black | Vaunt Design"
https://asianteakfurniture.com/products/bali-teak-bench-atf388,Scandinavian Bali Teak Bench ATF388 ‚Äî AsianTeakFurniture - Amerrich
https://furnitica-vinova.myshopify.com/products/enim-donec-pede,Enim donec pede
https://barnabylane.com.au/products/spensley-tan,Spensley Dining Chair - Tan ‚Äì Barnaby Lane AU
https://www.modernfurniture.com.au/collections/on-sale/products/vision-suspended-sunbed,Modern Furniture Australia | Online Contemporary Furniture Store
https://teak-furniture-singapore.com/products/sweden-side-table,Sweden Teak Side Coffee Table 60 x 60 cm ‚Äî Teak-Furniture-Singapore.com
https://teak-warehouse-sale.com/products/tws889lt-000-ta-lp,Scandinavian Lamp Table TWS889LT-000-TA-LP ‚Äî Teak-Warehouse-Sale.Com
https://www.countrysideamishfurniture.com/products/home-entertainment-centers/all/P40,Page 2 | All Amish Entertainment Centers: Custom | Countryside Amish Furniture
https://www.modishstore.com/products/twos-company-sunburst-antiqued-gold-wall-mirror,Two's Company Sunburst Antiqued Gold Wall Mirror ‚Äì Modish Store
https://loft-theme-demo-nashville.myshopify.com/products/black-chair,"Black Chair ‚Äì Loft
  







































































 











 
    Translation missing: en.general.accessibility.promo_bar_label
  


      Promotional messages
    


Limited Time Only: All orders ship free."
https://teakco.com/products/amsterdam-2-drawer-bedside-table-tek168bs-002-ta,MP - Amsterdam 2 Drawer Bedside Table TEK168 BS 002 TA Side Table ‚Äî Amerrich Pte Ltd - TeakCo
https://big-sale-furniture.com/products/amsterdam-bench-150-x-35-be-150-35-ta,Amsterdam Bench 150 x 35 cm BE-150-35-TA ( Chocolate Colour )
https://taktcph.com/products/,Products | High-quality design to more people | TAKT
https://www.blackmango.com.au/products/gift-card,Gift Card | Black Mango
https://candb.ca/products/10-gel-memory-foam-mattress,The Upton Mattress üá®üá¶
https://www.oopenspace.com/products/nova-3,Nova V3 Modular Sofa | Customisable - OOPENSPACE
https://thonet.co.nz/products/all,All Products | Thonet
https://ubikhome.co.za/products/ada-tv-stand,UBIK Home
https://vintage-etc.com/products/tabeni-coat-stand,Tabeni Coat Stand
https://www.hamac-shop.be/products/hamac-brasil-xxl-vert,Hamac Brasil XXL Vert
https://ikonitaly.com/products/minimaproject-chieut-table,minimaproject chieut | contemporary low table | ikonitaly
https://waltercox.co.uk/products/,Home Walter Cox Ltd
https://www.212concept.com/products/ikon-sofa,Buy Rich Plywood Wood Frame Luxury Sofa | 212Concept
https://vintagehomeboutique.ca/products/zinolin-teak-oil,Zinolin Teak Oil
https://www.couchpotatocompany.com/collections/best-sellers/products/ro-armchair,Ro Armchair
https://www.laura-james.co.uk/products/coffee-table-corona,Wooden Coffee Table - Laura James
https://emesfurnishop.co.uk/products/ivo-wardrobe,
https://mossgardenhome.com/products/woodland-puzzle,"Moss Danforth | Furniture, D√©cor & Garden                                        
                   






















       



 

  



 



   
 
   Same Day Toronto Delivery & North America wide shipping available. Exceptions apply.         Menu       0           
            Specials    
                    Specials   Fall Bulbs Furniture Clearance New Arrivals Sales  
            Outdoor Furniture    
                    Accessories   Clearance Fire Pits & Tables Patio Furniture Covers Patio Umbrellas & Bases Cushions & Chair Pads  
                    Dining   Clearance Bar Tables & Chairs Benches Chairs Tables  
                    Lounge   Clearance Lounge Chairs & Day Beds Coffee, Side & Console Tables Deep Seating Chairs Loveseats Muskoka Chairs Ottomans & Storage Patio Sets Sectionals Sofas  
                    Shop By Collection   Acacia Wood Aluminum Batyline Sling C.R. Plastics Resin Wicker Sol Rope‚Ñ¢ Sol Teak‚Ñ¢ Stainless Steel  
            Indoor Furniture    
                    Bedroom & Home Office   Clearance Bed Frames Bookcases & Shelves Desks Dressers & Chests Nightstands & End Tables  
                    Dining Room & Kitchen   Clearance Cabinets & Sideboards Chairs & Benches Tables  
                    Living Room   Clearance Van Gogh Sofas & Chairs Accent Chairs Benches & Ottomans Coffee & Side Tables Console Tables Felt Pad Tubes & Furniture Polish Media & TV Units Sofas  
                    Shop By Collection   Cane Casablanca Colton D-Bodhi Gia Irish Coast - African Dusk Irish Coast - Sundried Irondale Metro Havana Natural Rattan Organic Provence Remix Stark West  
            Carpets    
                    Chilewich   In/Out Shag Mats Woven Mats  
                    Indoor   Esterno In/Out Area Rug Collection Legacy/Aura/Elan Collection Non-Slip Rug Pads Nu Machine Washable Collection Rag Rugs  
                    Outdoor   Chelsea Denman - Textured Pile High Door Mats Fiesta Mat In/Out Avo Mats  
            Cards & Gifts    
                    Cards & Stationery   Birthday Boxed Holiday Journals & Stationery Just Because New Baby Sympathy Thank You Wedding & Anniversary  
                    Games & Gifts   Books Gifts For Adults Gifts For Kids Gifts For Bicyclists Gifts For Cat & Dog Lovers Gifts For Cottagers Gifts For Gardeners Mini Kits Peanuts‚Ñ¢ Collection Puzzles  
                    Gift Wrapping   Gift Bags Tissue Paper Wrapping Paper  
            Garden    
                    Garden   D√©cor All Garden Tools Bird Feeders & Baths Birdseed & Suet Cakes Dog Bite Steel Garden Statues Forks & Trowels Gardening Gloves Plants Pots & Planters Pruners & Trimmers Watering Cans & Plant Misters  
                    Outdoor Lighting & Hardware   Hooks House Numbers Lanterns Mailboxes Outdoor Lighting Outdoor Signage String Lights  
                    Outdoor Living   Dining & Picnic Fire Pits & Tables Outdoor Cushions & Chair Pads Umbrellas Wind Chimes  
            Home, Bath & Body    
                    Bath & Body   Hand Creams & Lotions Hats & Caps Reading Glasses Scarves Self Care & Spa Soap Socks Tote Bags Towels  
                    Candles   All Candles Candle Holders Diffusers & Room Sprays Matches Tapers Tealights  
                    Dining & Entertaining   Chocolate & Pantry Coasters Dishware Drinkware Mugs Paper Napkins & Holders Swedish Dish Cloths Tablecloths, Runners, & Placemats Tea Towels Trays  
                    Home Essentials   Baskets D√©cor Hooks Indoor Toss Cushions Lamps & Lighting Picture Frames Shelves & Shelf Brackets Throws Vases Wall Art  
            Holiday    
                    D√©cor   D√©cor Doormats Hanukkah Napkins Seasonal Scents Stockings String Lights Tableware & Kitchen Tree Toppers Wreaths  
                    Gifts & Essentials   Books Cards (Boxed & Single) Chocolate & Treats Crackers Gifts For Adults Gifts For Kids Stocking Stuffers  
                    Gift Wrapping   Gift Bags Gift Tags Tissue Paper Wrapping Paper  
                    Ornaments   All Felted Food & Drink Themed Glass Sets Wood  
          Customer Reviews  
          About Moss  
          Contact & Hours  
          Shipping Policy  
          Gift Registry  
          Wishlist  416-462-9898  Login"
https://lesa.com.my/website2019/products/living/,Living ‚Äì Lesa Design
https://nyfurnitureoutlets.com/products/acme-furniture-versailles-classic-bed-king,Ivory Velvet/Bone White King Bed Versailles 21127EK Acme Vintage Traditional ‚Äì buy online on NY Furniture Outlet
https://www.mydiscountmalta.com/products/mdm-wardrobe,MDM Wardrobe Storage Organiser ‚Äî My Discount Malta
https://ifurnituresupply.com/products/spray-adhesive,CUP HOLDER 2 TIER 33136
https://lazysusansusa.com/products/ls-16-myr-16-inches-in-diameter,LS-16 MYR 16 inches in diameter ‚Äì The Lazy Susan Store
https://www.willowcreekteak.com/products/8pc-venice,Teak Outdoor Lounge Set | Outdoor Deep Seating | Sunbrella Cushion
https://hklivingusa.com/products/marble-terrazzo-board-multi-color,HKliving USA ABR2227 multi color marble and terrazzo board kitchen deco
https://scenicdecor.ca/products/grasshopper-storage-bin,Grasshopper Storage Bin ‚Äì Scenic Decor
https://www.18karatstore.com/collections/new/products/argea,ARGEA | HOSLEY | MODERN HOME DECOR & FURNITURE STORE
https://mesasilla.ca/products/,Products - MesaSilla Canada
https://varkoa.com/products/sven-chair,
https://syscomseatings.com/products/workstation-manufacturers-bangalore/tile/,Tile Based Modular Workstation Bangalore - View Specifications & Details of Office Workstation             Search for:   SearchHomeNew ArrivalsWFHSeatingsExecutiveLounge & CafePublicTaskVisitorsWorkstationsAdd onsTileSofasArt LeatherFabricClearance Sale   Facebook    Twitter    Youtube    G+    Pinterest    Instagram  +91 9972636340 ¬†  [email¬†protected]   Facebook    Twitter    Youtube    G+    Pinterest    Instagram Login / RegisterCheckoutShopping CartOrder TrackingNewsletter Signup    HomeNew ArrivalsWFHSeatingsExecutiveLounge & CafePublicTaskVisitorsWorkstationsAdd onsTileSofasArt LeatherFabricClearance Sale    Search for:   All CategoriesUncategorizedSeatingsExecutiveTaskVisitorsLounge & CafePublicWorkstations¬†¬†¬†Tile¬†¬†¬†Add onsTablesCabinComputerConferenceLounge & CafeStudyEducationalCollaborativeSofasFabricArt LeatherStorageSteel coatedWoodenSteel paintedClearance SaleWork From Home  Search   0 / ‚Çπ0.00        HomeWorkstationsTile Showing all 43 results        1 2 3 4 5 6 columns Default sortingSort by popularitySort by average ratingSort by latestSort by price: low to highSort by price: high to low    Read moreBlue Color Cluster Workstation For Office Read more  Read moreCluster Workstation ‚Äì 10 Read more  Read moreCluster Workstation ‚Äì 12 Read more  Read moreCluster Workstation ‚Äì 13 Read more  Read moreCluster Workstation ‚Äì 14 Read more  Read moreCluster Workstation ‚Äì 5 Read more  Read moreCluster Workstation ‚Äì 7 Read more  Read moreCluster Workstation ‚Äì 9 Read more  Read moreCreamish Cubicle Workstation for office Read more  Read moreCubicle Workstation ‚Äì 1 Read more  Read moreCubicle Workstation ‚Äì 11 Read more  Read moreCubicle Workstation ‚Äì 12 Read more  Read moreCubicle Workstation ‚Äì 13 Read more  Read moreCubicle Workstation ‚Äì 14 Read more  Read moreCubicle Workstation ‚Äì 15 Read more  Read moreCubicle Workstation ‚Äì 2 Read more  Read moreCubicle Workstation ‚Äì 3 Read more  Read moreCubicle Workstation ‚Äì 4 Read more  Read moreCubicle Workstation ‚Äì 5 Read more  Read moreCubicle Workstation ‚Äì 7 Read more  Read moreCubicle Workstation ‚Äì 8 Read more  Read moreCurvilinear Workstation ‚Äì 3 Read more  Read moreDesk Workstation ‚Äì 1 Read more  Read moreDesk Workstation ‚Äì 2 Read more  Read moreDesk Workstation ‚Äì 3 Read more  Read moreDesk Workstation ‚Äì 4 Read more  Read moreDesk Workstation ‚Äì 6 Read more  Read moreDesk Workstation ‚Äì 7 Read more  Read moreGreen color Cluster Workstation Read more  Read moreLinear Workstation ‚Äì 1 Read more  Read moreLinear Workstation ‚Äì 10 Read more  Read moreLinear Workstation ‚Äì 2 Read more  Read moreLinear Workstation ‚Äì 3 Read more  Read moreLinear Workstation ‚Äì 4 Read more  Read moreLinear Workstation ‚Äì 6 Read more  Read moreLinear Workstation ‚Äì 7 Read more  Read moreLinear Workstation ‚Äì 8 Read more  Read moreLinear Workstation ‚Äì 9 Read more  Read moreU Shaped Workstation ‚Äì 1 Read more  Read moreU shaped Workstation ‚Äì 2 Read more  Read moreU shaped Workstation ‚Äì 3 Read more  Read moreU shaped Workstation ‚Äì 5 Read more  Read moreWhitish Cluster Workstation for office Read moreINFORMATIONAbout usContact UsTerms & ConditionsFAQWORK WITH USCareersCONTACT +91 7349662676 +91 9632866668 +91 9972636340 [email¬†protected]FOLLOW USQuick LinksOffice Chair in Bangalore Office Workstation in Bangalore Office Table in Bangalore Furniture Storage in Bangalore Educational Furniture in Bangalore Collaborative Furniture in Bangalore Sofa
https://www.insaraf.com/products/solid-wood-coasters,"Solid Wood Coasters - Solid Wood Furniture Online , Buy Beds Online ‚Äì Saraf Furniture"
https://www.nsquarestudio.com/products/odin-bedside-table,Odin Bedside Table‚Äì N SQUARE STUDIO
https://lovenlight.eu/products/page/3/,Shop - Love n Light
https://scanteak.com.sg/products/apen-bookcase,APEN BOOKCASE | Storage - Living - Scanteak Singapore
https://www.finnavenue.com/products/carrara-round-dining-table,Online Luxury & Designer Furniture Shop in Singapore
https://singapore-furniture-sale.com/products/naples-teak-coffee-table-40x60x100-sfs638ct-000-ta,Naples Teak Coffee Table 40x60x100 SFS638CT 000 TA ‚Äî Singapore-Furniture-Sale.com
https://1outdoorfurniture.com/products/asmund-outdoor-console-table-with-2-sink-set-1tf168inx-console-table-2-sink-set,ASMUND Outdoor Console Table with 2 Sink Set
https://wholesaleclassicfurniture.com/products/lyon-french-victorian-lamp-table-bedside-timber-bedside-table-white-wcf168bs-101-pn-wh_1,"Lyon French Victorian Lamp Table Bedside Timber Bedside Table, White W"
https://www.novena.com.sg/collections/stayhome-collection-for-immediate-delivery/products/altas-dining-set-solid-wood,Online Furniture Shop Singapore | Novena Furniture Singapore
https://taylorbdesign.com/products/hb-1441,Bamboo Wall Sconce Brass ‚Äì Taylor B Design
https://houseofanli.com/products/gift-card,Gift Card ‚Äì House of AnLi
https://hemma.sg/products/flower-planter?_pos=1&_sid=7be5737ba&_ss=r,Wicker planters. ‚Äì Hemma Online Furniture Store Singapore
https://wholesaleteakcompany.com/collections/frontpage/products/sonoma-los-angeles-mirror-back-teak-glass-display-cabinet-wtc288dc-200-mr-pnm,SONOMA Los Angeles Mirror Back Teak Glass Display Cabinet WTC288DC-200
https://hmezsofa.sg/products/marble-tray,Marble Trays
https://www.vetrohome.com/products/dice-sofa,Dice ‚Äì VetroHome Modern Furniture Store
https://gingerjarfurniture.com/products/page/3/,"Products Archive - Page 3 of 41 - Ginger Jar Furniture  
                   
    

       
For more beautiful finds for your smaller spaces visit   CALL US: 604.988.7328Trade Portal"
https://solidaustin.com/products/cooks-sofa,"Cooks Sofa by American Leather for Solid Austin. - Solid Austin TX                                       

















      
    


 






        
            

      
 
  Custom Order Unique Home Furnishings"
https://alteriors.ca/collections/herman-miller/products/nelson-saucer-bubble-lamp,Nelson¬Æ Saucer¬Æ Bubble Pendant Lamp ‚Äì Alteriors
https://www.eurohausfurniture.com/products/novaluna-parigi-platform-bed,Novaluna - Parigi Platform Bed- Made In Italy
https://www.ultimateliving.co.nz/products/adam,"ADAM

    

    

    
      ‚Äì Ultimate Living"
https://www.rimufurniture.co.nz/products/riviera-1900-hutch-2/,Best Quality riviera-1900-hutch-2 | Rimu Furniture
https://www.zavedo.nz/collections/wall-hooks/products/soho-hook-50,SOHO HOOK 50 - ZAVEDO
https://www.jardin.co.nz/clearance/products/costa-chair-~-verbena/,Costa Chair - Verbena | Jardin NZ
https://www.corcovado.co.nz/products/the-corcovado-kea-sofa,"The Corcovado Kea Sofa                      





















                 
        

 


 

 



    

 

   New Arrivals online now               0          
          Just Arrived  
          Furniture   Coffee Tables and Side Tables Consoles & Hall Tables Occasional Chairs Bedsides Benches & Ottomans Buffets & Cabinets Bar Stools Dining Chairs Dining Tables Desks Headboards Sofas  
          Lighting   Linen Pendants Rattan Pendants  
          Homewares   Vases and Pots Wall Art Home Decor Cushions Floor Rugs Baskets Table Decor Sheepskins  
          Back in Stock  Login"
https://www.lujo.co.nz/products/bean-bag-hook,Bean Bag Hook | Lujo New Zealand
https://www.lujoliving.com/products/bean-bag-hook,Bean Bag Hook | Lujo Living
https://modernhomefurniture.com.au/products/albert-sofa,Albert Sofa
https://www.zipchair.com/products/stealth-recliner-with-boston-bruins-logo,Stealth Recliner with Boston Bruins Logo
https://dkmodernfurniture.com/products/novah-desks?variant=20650194534470,Novah Desk - DK Modern Furniture
https://jubileefurniturelv.com/products/anette-modern-leather-bed,Leather Bed|Jubilee Furniture Stores Las Vegas
https://www.madebyhame.com/products/ladder,Ladder ‚Äì HAME
https://interiorsinvogue.com/products/side-sofa-table-silver-finish-har189,"Sofa Table in Silver Colour Finish ¬ª Interiors InVogue    


                 























      
    



  



 



















 





 



     
 
  Shop now, pay in 3 interest-free instalments or in 30 days | What is Klarna?  






      
 
  
 
  
 
  
 
  
 


 
 
 
 
 Search"
https://rileysrealwood.com/products/detail/magnistretch-12,Rileys Goes West | West Avenue Furniture
https://www.royalgarden.com/products/russel-4pc-seating-set,Royal Garden
https://centralcoastfurniture.com/collections/desks/products/lewis-desk,Please Log In
https://www.henryandoliverco.com/products/gift-vouchers,Gift Vouchers ‚Äì Henry & Oliver Co.
https://avehome.com/products/aria-desk,Aria Desk ‚Äì Ave Home
https://elephanthead.co.uk/products/colourful-markers-cushion-cover,"Colourful Markers, Embroidered Cushion Cover 16"" x 16"" ‚Äì The Elephant Head"
https://www.coolstuffandaccessories.com/products/white-wood-dining-table,White Wood Dining Table ‚Äî Cool Stuff & Accessories
https://french-classic-furniture.com/products/french-round-back-dining-chair-white-fcf688ch-000-rd-qa-wh_1,"French Round Back Dining Chair, ‚Äî French-Classic-Furniture.Com"
https://habitekshop.com/products/model-5-oak,Model 5 Oak
https://plankandpipe.co.uk/products/copper-pipe-clothes-hanger-hooks,Copper Pipe Clothes Hanger Hooks
https://www.polyteakoutdoor.com/products/polyteak-curved-outdoor-rocking-chair,Carved Outdoor Rocking Chair
https://modholic.com/products/tulip-bar-table,"Tulip Fiberglass Bar Table, 32"" Round"
https://walkeredisonshop.com/products/jackson-slat-entry-table,Jackson Slat Entry Table
https://yoyo.co.nz/products/yoyo-gift-voucher,YOYO Gift Voucher ‚Äì YOYO Design by Kiwis
https://newstartfurniture.com.au/products/4-four-poster-king-bed-frame,Newstart Furniture Australia | Furniture for Home and Office
https://panana.co.uk/products/3-seater-sofa-bed,The item you are viewing does not exist!
https://mahliainteriors.com.au/collections/mothers-day-15-off-sale/products/bone-inlay-floral-box-black,Bone Inlay Floral Box - Black
https://choufani.com/products/primavera-bed,Primavera Super King Iron Bed - 200x200
https://copperbarnhome.com/products/gift-card,Gift Card
https://www.ofo.com.au/products/hanging-pod-chair,"Outdoor Hanging Pod Chair Grey - OFO Outdoor Furniture                                        
                    






















                 
      






 



    

        



   Gold Coast's Home of Outdoor Furniture.Call 5504 7313          Menu     
            Videos   Outdoor Dining   Outdoor Dining Sets Outdoor Dining Tables Outdoor Dining Chairs Outdoor Bar Sets   Outdoor Lounges   Outdoor Lounge Settings Outdoor Lounge Singles Outdoor Daybeds Outdoor Sun Lounges   Outdoor Bars   Outdoor Bar Sets Outdoor Bar Stools Outdoor Bar Chairs Outdoor Bar Tables  
            Outdoor Tables  
            Outdoor Chairs"
https://www.furniturecontracts.com.au/products/,Products - Furniture Contracts - Furniture Stores Ballarat
https://www.innerspace.net.au/products/STOOLS-5414,Online StoreWORKSTATIONS & DESKINGOFFICE CHAIRSMEETING CHAIRSTHIRD SPACEVISITOR & TRAINING CHAIRSDRAFTING STOOLSEXECUTIVE CHAIRSMEETING TABLESOCCASIONAL TABLESDINING CHAIRSLOUNGE & BOOTH SEATINGPRIVACY BOOTHSMOBILE WHITEBOARDS & DIVIDERSSTOOLS & OTTOMANSOUTDOORSTORAGE & PLANTERSWORKSTATION ACCESSORIESLIGHTING & ACCESSORIESENEWS SUBSCRIBEOUR COLLECTIONSEDUCATED SPACESQLD GOVERNMENTDESIGN & ART PRIZE 2023100 YEARS OF HERMAN MILLERABOUT USPROJECTSCLIENT REVIEWSRESEARCH PAPERSVIDEOSCONTACTTERMS & ConditionsSEARCH
https://www.naturalgeo.com/products/natural-geo-jasmine-modern-wavy-abstract-gray-black-area-rug,Natural Geo Jasmine Modern Wavy Abstract Gray/Black Area Rug
https://hamptonsstyle.com.au/products/hamptons-style-gift-card,Hamptons Style Gift Card
https://www.henkalab.com/products/kaona-table,"Kaona Dining Table ‚Äì HenkaLab
    
  


























































 






















COLLECTIONS"
https://www.blockandchisel.co.za/products/special-features/promotion-53,Block & Chisel
https://mintffe.com.au/products/,Products - Mint Furniture
https://modernityvintage.com/products/wilhelm-renz-metamorphic-coffee-table,Wilhelm Renz Metamorphic Coffee Table
https://www.smallspaceplus.com/products/scube,"1













5 Pocket Jean - 30 / Indigo"
https://www.totemroad.com/products/gift-card,"Gift Card - Totem Road                                          























    


    
     



















 



 

 

  
           


    WE SHIP AUSTRALIA WIDE | ¬†NEED A QUOTE? ¬† CONTACT US"
https://whataroom.com/collections/new-arrival-rugs/products/arsene-r3475-aqu000,What A Room: Custom Sofa & Furniture Store
https://penelopesgarden.us/products/cbd-starter-kit-save-5,Penelope's Garden ‚Äì Opening Soon
https://idsfurniture.com/categories/563349/simon/products/sim-s-ch/simon-side-chair,"Simon Side Chair - simon | IDS Furniture, Inc."
https://www.byronbayhangingchairs.com.au/products/weekender,Weekender Beach Chairs (with head rest)
https://www.homebarsusa.com/products/howard-miller-niagara-bar-693-001,Howard Miller Niagara Bar 693001 | Home Bars USA
https://www.wellhunghammocks.com/products/mexican-hammock,"Mexican Hammock: traditional, strong and so very comfortable! ‚Äì Well Hung Hammocks"
https://midcenturymasters.com/products/sculptural-ebonized-credenza-with-silver-leafed-front,Sculptural Ebonized Credenza with Silver Leafed Front
https://primrosehomeware.co.uk/products/pulley-clothes-airer-5-lath,
https://www.classic2modern.com/products/100-sofa,100 Classic Leather Sofa ‚Äì Classic 2 Modern Furniture Store
https://www.mrandmrswhite.net/products/gift-card-2,e-Voucher
https://www.theteakplace.com.au/products/garden-bench-cushions,Garden Bench Outdoor Cushion - The Teak Place
https://www.mymoderndecor.com/sales@mymoderndecor.com/products/slim-bookcase-800923,My Modern Decor Our website is temporarily disabled please check back shortly
https://thecountryfurniture.com/products/sequoia,Sequoia ‚Äì Country Furniture
https://reecefurniture.com/products/jonkoping-sofa,"ReeceFurniture.com




























































































 

















989 262 0400"
https://ulfertskids.com/products/rectangle-6,
https://www.thecurious.mx/collections/products/products/arcos-chair,Arcos Chair
https://www.prestige-affairs.com/products/wishbone-y-chair,"Wishbone Y Chair, Black ‚Äì Prestige Affairs Furniture"
https://vanspecial.com/products/self-planner,"Poketo
                |"
https://www.wbjamieson.com/products/string-system,WB Jamieson
https://www.canvasinteriors.com/collections/rugs/products/lia,Lia - Canvas Interiors | Furniture Store
https://www.sunshinefurniture.com.au/products/albert-sofa,Albert Sofa
https://elinahome.com/products/18-x-18-inch-satin-napkins-rhinestone-napkin-rings-party-supplies-christmas-decorations-wedding-birthday-baby-shower,"18 x 18 Inch Satin Napkins & Rhinestone Napkin Rings , Party Supplies  ‚Äì Elina Home
  























































 













  End Of Season Sale Up to 70% OFF. Shop Now"
https://www.modernisedliving.com.au/products/3-sets-tank-pots-grey,"modernisedliving.com.au





Click here to enter"
https://shop.humblecrew.com/products/lucky-theory-metal-chair,"Home Office Chair (White, Black, or Grey) | Humble Crew"
https://www.simplyfurnishing.co.uk/products/4kids-1-door-desk-mobile-with-lemon-handles,
https://uniqwafurniture.com.au/collections/decorative-decor/products/bwindi-wall-art,Bwindi Wall Art
https://woodshopfogoisland.ca/products/bertha-chair,Bertha Chair
https://profilesny.com/collections/art/products/bleach-scarf,Bleach Scarf
https://www.thefurniturefactory.org.uk/products/warwick-dining-set,Warwick Dining Table & 4 Chairs
https://tiger-oak.com/products/skovby-portable-bar,Skovby Portable Bar
https://www.georgestreet.co.uk/products/e1-flush-3-light-ceiling-light/,E1 Flush 3 Light Ceiling Light | George Street Furnishers
https://jordansinteriors.ca/products/park-slope-desk,Park Slope Desk
https://bestfurniture.co.nz/products/linea-sideboard,STARK SIDEBOARD | BUFFET | The Best Furniture Shop
https://www.imfurniturestore.com/products/sofa,
https://adona.in/products/adona-adonica-fusion-king-bed-plywood,Adona Adonica Fusion King Bed Plywood Mauritian Bamboo - Light Orange
https://shop.gubi.com/products/epic-dining-table,"GUBI is a design company dedicated to celebrating the luxury of living life.Official GUBI WebshopFree Shipping On All OrdersSign up and enjoy 10% offOfficial GUBI WebshopFree Shipping On All OrdersSign up and enjoy 10% offBackWebshopShopLightingTablesSeatingOutdoor & PatioMirrorsStorageAll ProductsMULTI-LITE PORTABLEUnrestricted by cables, the new edition gives fans of Weisdorf the opportunity to bring the Multi-Lite‚Äôs exceptional functionality to any space in the home ‚Äì or outside itGUBI x Pierre FreyIn this special edition of the 9602 Floor Lamp, GUBI brings together two masters of 20th-century design ‚Äì the Finnish lighting maestro Paavo Tynell, and the renowned Parisian textile house Maison Pierre Frey.ProductsSeatingDining ChairsLounge ChairsOttomans & PoufsStools & Bar ChairsSofasMeeting ChairsAll SeatingLightingPortable LampsFloor LampsTable LampsPendantsWall & Ceiling LampsAll LightingTablesCoffee TablesDining TablesLounge TablesConsolesBar TablesAll TablesMirrorsAll MirrorsOutdoor & PatioOutdoor SeatingOutdoor TablesOutdoor LightingAll Outdoor & PatioDesks & StorageDesksStorageAll Desks & StorageRugs & ObjectsAll Rugs & ObjectsAll productsNewsAll productsMULTI-LITE PORTABLEUnrestricted by cables, the new edition gives fans of Weisdorf the opportunity to bring the Multi-Lite‚Äôs exceptional functionality to any space in the home ‚Äì or outside itGUBI x Pierre FreyIn this special edition of the 9602 Floor Lamp, GUBI brings together two masters of 20th-century design ‚Äì the Finnish lighting maestro Paavo Tynell, and the renowned Parisian textile house Maison Pierre Frey.CollectionsDesignersStoriesUpholsteryAbout GUBI      Your cart is empty.Shop now      Your cart is empty.Shop nowBY LOUIS WEISDORFMULTI-LITE PORTABLE LAMPExploreGUBI cuts the cord on the iconic Multi-Lite Lamp and sets the new portable edition free. The perfect companion for spontaneous moments in peculiar places and spectacular spaces.MADE FOR MOVEMENTMulti-Lite Portable Lamp‚Ç¨399Multi-Lite Portable Lamp‚Ç¨399Multi-Lite Portable Lamp‚Ç¨399Multi-Lite Portable Lamp‚Ç¨399With its adjustable shades, Louis Weisdorf‚Äôs Multi-Lite is one of the most dynamic and adaptable lighting designs of the 20th century. The introduction of the portable edition makes it even more interactive.MULTI-LITE PORTABLE LAMP"
https://nativelifestyle.co.uk/products/cons-cesar01,Cesar Gold Console Table ‚Äì Native Home & Lifestyle
https://bohincstudio.com/collections/vases/products/jupiter-vase,JUPITER VASE
https://austinleathergallerytx.com/products/,Wide Selection of Leather Sofas ¬ª Sectionals ¬ª Theater Seating ¬ª Furniture
https://www.saladinostyle.com/products/nature,"OUTDOOR LIVING - SALADINO                    



















                
     

 



    
   * READY-TO-SHIP FURNITURE *         Menu              
          Furniture   Sofas Chairs Tables Ottomans Lighting Fabrics  
          Shop Now    
                  Browse All   Ready-To-Ship Showroom Samples Antiques & Acquisitions Books  
          Company   Background Philosophy About Us Terms & Conditions Blog  
          Quote  
          Contact Us (917)-733-6169  Login"
https://finelinefurnitureandaccessories.com/products/colosso-woven-neoprene-hand-knotted-basket,Large Woven Decorative Basket | Fine Line Furniture in Miami
https://camerichseattle.com/products/rugs/,Modern and Contemporary Furniture and Accessories | Camerich Seattle
https://domedeco.us/categories/639951/carpets/products/zu140200{slash}an/woolen-carpet-_singlequotes_zubair_singlequotes_,Product does not exist. - carpets | Dome Deco
https://donar.si/products/collodi,Collodi ‚Äì DONAR shop
https://www.gblfurniture.com/products/provence-1door-cabinet,Independent Furniture Retailer | Global Furniture
https://westbridgefurniturestoke.co.uk/products/view/890,Large Bookcase with Cupboard  - Avon Chunky Oak  ‚Äî Westbridge Furniture
https://www.hopperstudio.com/products/sofia-nightstand,Sophia 2 Drawer Nightstand
https://www.angliarecliners.co.uk/products/swan/,Swan | Ipswich & Colchester | Anglia Recliners
https://headandhaft.co.uk/products/tir,"""Tir"" wooden pendant light ‚Äì headandhaft"
https://hilaryandflo.co.uk/products/nice-print,
https://pepegarden.co.uk/products/erica-park-bench,Erica Park Bench by Pepe Garden Furniture
https://shannonsales.co.uk/products/special-offers/special-offers-and-sale-items/,Shannon Sales - Special Offers and Sale Items
https://settlehome.co.uk/products/double-pair-of-triple-pinch-pleat-curtains-in-zoffany,Double pair of Triple Pinch Pleat Curtains in Zoffany Oiseaux de Parad - Settle Home
https://www.simplyhammocks.co.uk/collections/new-products/products/denim-hammock,Denim Hammock
https://tiffanyjayne.co.uk/products/small-hooks,Small hooks
https://thefurniture-house.co.uk/products/new-grey-recliner-sofa,
https://www.dillamores.co.uk/products/claremont-two-seater-sherborne/,Claremont Two Seater Sherborne - Dillamore‚Äôs Furnishers
https://www.askewsfurniture.co.uk/products/disposal-of-old-mattress,Arm Chair Disposal
https://www.bridgnorthfurniture.co.uk/products/verona-chair,VERONA CHAIR ‚Äì bridgnorthfurniture
https://www.theurbaneditions.com/products/marston-wide-desk-on-minimalist-square-legs,Marston Wide Console Desk on Minimalist Square Legs
https://furniturevilla.co.uk/products/living-room-furniture/desk,Save 10% off on Solid Oak Wood Desk | 100% Oak Furniture
https://www.grandadsshedbrigg.co.uk/products/living/east-indies-living/,East Indies Living - Grandad's Shed
https://hanchicsfurniture.co.uk/products/stag-f-b-sideboard,The Stag Geo Sideboard
https://limesinteriors.co.uk/collections/popular-items/products/abree-lamp,Loading...
https://www.nabisottomanfurniture.co.uk/products/chesterfield-diamante-bed-frame,CHESTERFIELD DIAMANTE BED FRAME CRUSHED VELVET IN VARIOUS SIZES AND CO ‚Äì Nabi's Ottoman Furniture
https://www.poppiesfurnituredirect.co.uk/apps/webstore/products/show/5373703,
https://thedorsetfurniturecompany.co.uk/products/arctic-white-high-gloss-150cm-shelf,Loading...
https://www.littletulip.com/products/set-200-marble-6,Saarinen 200 x 120 cm Oval Tulip Table & 6 Side Chair Set
https://urbansize.co.uk/products/hallway-tidy,Hallway Tidy
https://www.abowed.co.uk/products/oak-four-poster-bed,"{""id"":"""", ""email"":"""",""default_address"":null,""first_name"":"""",""last_name"":"""",""name"":"""" }"
https://www.oaktreeupholstery.co.uk/products/double-headboard-b-fabric,Button Back Double Headboard ('B' Fabric)
https://shackletonsretail.co.uk/products/,"Elderly & Mobility Furniture | Sofas, Chairs & Beds | Shackletons"
https://snugathome.co.uk/products/eiffel-dining-chair,
https://rusticland.co.uk/products/industrial-2x-handmade-x-dining-table-bench-frame-steel-large-table-pedestal-legs,Industrial 2x Handmade X Dining Table Bench Frame Steel Table Pedestal ‚Äì RusticLand
https://www.homeaffections.co.uk/products/wide-display-cabinet-540005-bonoca,
https://derwenthouseliving.co.uk/products/,Products - Derwent House
https://www.collectioni.com/products/noahs-ark-lounge-swivel-chair,White Polar Bear Fluffy Lounge Swivel Chair | Collectioni
https://odafurniture.com/products/,Account Suspended
https://squarehome.com/products/,"Products Archive - SquareHome  Products Archive - SquareHome             ProductsWe cover three main product categories: DINING, LIVING and BEDROOM. And due to the increased number of people working from home, we are now also offering a good number of Home Office products.  COMMERCIAL PRODUCTS Our price level is mid to low end and we work primarily in oak, walnut, acacia and rubber wood mixed with materials like metal, marble, concrete, brass etc. Each range has its own DNA, but all designs are modern, commercial and price competitive."
https://thebeachfurniture.com.au/products/gift-card,Gift Card ‚Äì The Beach Furniture
https://gfurniture.ca/products/,"Products | Guaranteed A Fine Furniture | High-Quality Furniture in Windsor     Skip the navigation and jump to this page's content.       
             Home                       Products                       About Us                       What's New                  Menu"
