https://www.factorybuys.com.au/products/euro-top-mattress-king,top mattress
https://dunlin.com.au/products/beadlight-cirrus,led reading light
https://livingedge.com.au/products/tables/dining,round table
https://livingedge.com.au/products/tables/dining,dining table herman miller
https://www.perchfurniture.com/products/hoyt-chair,chair
https://4-chairs.com/products/mason-chair,dining table
https://pinchdesign.com/products/yves-desk,table light
https://dfohome.com/products/patio-furniture/swings/all-swings,quilted hammocks camping hammocks
https://dfohome.com/products/patio-furniture/swings/all-swings,outdoor rug
https://dfohome.com/products/patio-furniture/swings/all-swings,outdoor rug color
https://www.danishinspirations.com/products/products/bedroom/page/3/,marco high chest
https://emfurn.com/products/aaron-sofa,sofa
https://galvinbrothers.co.uk/products/alfandbud,dining table
https://galvinbrothers.co.uk/products/alfandbud,console table
https://www.hipvan.com/products/sleep-mattress?ref=nav_dropdown,mattress
https://www.timothyoulton.com/products/living/sectional-sofas,sectional sofa
https://cultdesign.co.nz/products/molloy-chair,hee welling hee
https://lostine.com/products/jack-chairs,bar height
https://www.somedaydesigns.co.uk/products/muuto-tip-lamp?variant=513748041743,tip table lamp
https://www.somedaydesigns.co.uk/products/muuto-tip-lamp?variant=513748041743,table lamp
https://www.mainecottage.com/collections/workspace/products/big-cay-desk,shinethe sanding between
https://www.thefurnituremegastore.co.uk/products/noir-80x180-cm-wall-mirror,sofa
https://www.thefurnituremegastore.co.uk/products/noir-80x180-cm-wall-mirror,furniture collections augusta
https://www.thefurnituremegastore.co.uk/products/noir-80x180-cm-wall-mirror,country corona waxed
https://www.thefurnituremegastore.co.uk/products/noir-80x180-cm-wall-mirror,grey bedroom
https://www.thefurnituremegastore.co.uk/products/noir-80x180-cm-wall-mirror,chairs recliner chairs
https://www.thefurnituremegastore.co.uk/products/noir-80x180-cm-wall-mirror,sofas
https://decorium.us/products/costa-adjustable-barstool,backless adjustable
https://decorium.us/products/costa-adjustable-barstool,adjustable barstool
https://decorium.us/products/costa-adjustable-barstool,leather counter height
https://decorium.us/products/costa-adjustable-barstool,swing adjustable
https://decorium.us/products/costa-adjustable-barstool,walnut veneer
https://najarianfurniture.com/products/roma-sofa-pebble,sofa
https://www.roccityfurniture.com/products/abney-4pc-set/,sofa sleeper
https://www.roccityfurniture.com/products/abney-4pc-set/,laf corner chaise
https://sika-design.com/products/belladonna-nature,bar stool bar
https://sika-design.com/products/belladonna-nature,coffee table console desk dining chair dining table
https://sika-design.com/products/belladonna-nature,chair
https://sika-design.com/products/belladonna-nature,garden
https://sika-design.com/products/belladonna-nature,sofa
https://sika-design.com/products/belladonna-nature,garden table
https://sika-design.com/products/belladonna-nature,hanging chair
https://www.skandium.com/products/ch24-soft,wishbone chair
https://lorfords.com/collections/the-armchair-collection/products/the-bayswater-armchair,armchair
https://hauserstores.com/products/mesa-sofa?view=product-alt,sling -
https://boahaus.com/products/boahaus-urban-dressing-table,dressing table
https://www.bellus.com/products/,chill coffee colorado
https://www.bellus.com/products/,discovery donovan
https://www.bellus.com/products/,jumbo footstool
https://www.bellus.com/products/,mia miami
https://www.bellus.com/products/,single classic
https://shop.vanillawood.com/products/plume-wallpaper,single roll
https://homestreethome.ie/products/zinc-tray,wall glass cabinet
https://homestreethome.ie/products/zinc-tray,standing corner shelves
https://homestreethome.ie/products/zinc-tray,wall cabinet
https://homestreethome.ie/products/zinc-tray,backpack waxed canvas
https://homestreethome.ie/products/zinc-tray,cabinet
https://www.modernfurniture.com.au/collections/on-sale/products/vision-suspended-sunbed,coffee tables
https://www.countrysideamishfurniture.com/products/home-entertainment-centers/all/P40,amish entertainment centers: custom
https://www.countrysideamishfurniture.com/products/home-entertainment-centers/all/P40,laird corner tv cabinet
https://www.countrysideamishfurniture.com/products/home-entertainment-centers/all/P40,tv stand
https://www.countrysideamishfurniture.com/products/home-entertainment-centers/all/P40,cabinet
https://www.modishstore.com/products/twos-company-sunburst-antiqued-gold-wall-mirror,baskets coat racks
https://www.modishstore.com/products/twos-company-sunburst-antiqued-gold-wall-mirror,bar carts ice
https://www.modishstore.com/products/twos-company-sunburst-antiqued-gold-wall-mirror,christmas figurines christmas
https://www.modishstore.com/products/twos-company-sunburst-antiqued-gold-wall-mirror,bubbles vases
https://www.modishstore.com/products/twos-company-sunburst-antiqued-gold-wall-mirror,could
https://taktcph.com/products/,curve coat rack
https://taktcph.com/products/,table
https://ikonitaly.com/products/minimaproject-chieut-table,chieut table
https://vintagehomeboutique.ca/products/zinolin-teak-oil,business
https://www.couchpotatocompany.com/collections/best-sellers/products/ro-armchair,armchair
https://www.laura-james.co.uk/products/coffee-table-corona,coffee table
https://mossgardenhome.com/products/woodland-puzzle,sofa
https://mossgardenhome.com/products/woodland-puzzle,cabinet
https://mossgardenhome.com/products/woodland-puzzle,round puzzle
https://mossgardenhome.com/products/woodland-puzzle,led string lights
https://nyfurnitureoutlets.com/products/acme-furniture-versailles-classic-bed-king,bed versailles
https://nyfurnitureoutlets.com/products/acme-furniture-versailles-classic-bed-king,velvet/
https://nyfurnitureoutlets.com/products/acme-furniture-versailles-classic-bed-king,upholstered sleigh
https://www.mydiscountmalta.com/products/mdm-wardrobe,clothes rack
https://www.willowcreekteak.com/products/8pc-venice,coffee table
https://scenicdecor.ca/products/grasshopper-storage-bin,storage bin
https://www.insaraf.com/products/solid-wood-coasters,starts
https://www.insaraf.com/products/solid-wood-coasters,bed
https://www.insaraf.com/products/solid-wood-coasters,rajasthani charpai bench bed
https://www.insaraf.com/products/solid-wood-coasters,rajasthani charpai bench
https://www.nsquarestudio.com/products/odin-bedside-table,bedside table
https://www.novena.com.sg/collections/stayhome-collection-for-immediate-delivery/products/altas-dining-set-solid-wood,mydream mattress
https://www.novena.com.sg/collections/stayhome-collection-for-immediate-delivery/products/altas-dining-set-solid-wood,coffee table
https://wholesaleteakcompany.com/collections/frontpage/products/sonoma-los-angeles-mirror-back-teak-glass-display-cabinet-wtc288dc-200-mr-pnm,glass display cabinet
https://solidaustin.com/products/cooks-sofa,sectional super
https://solidaustin.com/products/cooks-sofa,out trend chair
https://www.corcovado.co.nz/products/the-corcovado-kea-sofa,corcovado kea sofa
https://www.lujo.co.nz/products/bean-bag-hook,bean bag
https://www.lujoliving.com/products/bean-bag-hook,bean bag
https://modernhomefurniture.com.au/products/albert-sofa,sofa
https://modernhomefurniture.com.au/products/albert-sofa,velvet
https://www.zipchair.com/products/stealth-recliner-with-boston-bruins-logo,freight truck
https://interiorsinvogue.com/products/side-sofa-table-silver-finish-har189,sofa table
https://rileysrealwood.com/products/detail/magnistretch-12,avenue furniture
https://centralcoastfurniture.com/collections/desks/products/lewis-desk,central coast furniture connection
https://www.polyteakoutdoor.com/products/polyteak-curved-outdoor-rocking-chair,chair
https://modholic.com/products/tulip-bar-table,bar table
https://walkeredisonshop.com/products/jackson-slat-entry-table,table
https://newstartfurniture.com.au/products/4-four-poster-king-bed-frame,blanket
https://newstartfurniture.com.au/products/4-four-poster-king-bed-frame,blanket silver
https://mahliainteriors.com.au/collections/mothers-day-15-off-sale/products/bone-inlay-floral-box-black,furniture - coffee tables
https://copperbarnhome.com/products/gift-card,dining table
https://copperbarnhome.com/products/gift-card,table
https://www.furniturecontracts.com.au/products/,tables
https://www.furniturecontracts.com.au/products/,coffee tables
https://www.furniturecontracts.com.au/products/,floor and staging
https://www.furniturecontracts.com.au/products/,speciality chairs tables
https://www.naturalgeo.com/products/natural-geo-jasmine-modern-wavy-abstract-gray-black-area-rug,rug
https://modernityvintage.com/products/wilhelm-renz-metamorphic-coffee-table,coffee table
https://www.smallspaceplus.com/products/scube,cube ottoman
https://www.smallspaceplus.com/products/scube,compact minivan truck
https://www.byronbayhangingchairs.com.au/products/weekender,weekender
https://www.byronbayhangingchairs.com.au/products/weekender,beach chairs
https://www.byronbayhangingchairs.com.au/products/weekender,byron bay hanging chairs
https://www.homebarsusa.com/products/howard-miller-niagara-bar-693-001,bar top
https://www.homebarsusa.com/products/howard-miller-niagara-bar-693-001,could
https://www.classic2modern.com/products/100-sofa,classic leather sofa
https://www.theteakplace.com.au/products/garden-bench-cushions,garden bench
https://www.theteakplace.com.au/products/garden-bench-cushions,table below
https://www.theteakplace.com.au/products/garden-bench-cushions,polyester foam
https://www.theteakplace.com.au/products/garden-bench-cushions,outdoor furniture
https://reecefurniture.com/products/jonkoping-sofa,sofa blankets
https://reecefurniture.com/products/jonkoping-sofa,dining arm chairs
https://reecefurniture.com/products/jonkoping-sofa,backless counter stool
https://reecefurniture.com/products/jonkoping-sofa,backless bar
https://reecefurniture.com/products/jonkoping-sofa,backless counter
https://www.thecurious.mx/collections/products/products/arcos-chair,chair
https://www.prestige-affairs.com/products/wishbone-y-chair,tv console
https://www.prestige-affairs.com/products/wishbone-y-chair,coffee table
https://www.sunshinefurniture.com.au/products/albert-sofa,sofa
https://www.sunshinefurniture.com.au/products/albert-sofa,velvet
https://shop.humblecrew.com/products/lucky-theory-metal-chair,frame
https://shop.humblecrew.com/products/lucky-theory-metal-chair,storage ottoman bench dylan ottoman
https://www.thefurniturefactory.org.uk/products/warwick-dining-set,dining table
https://tiger-oak.com/products/skovby-portable-bar,portable bar
https://www.georgestreet.co.uk/products/e1-flush-3-light-ceiling-light/,damage frame
https://www.gblfurniture.com/products/provence-1door-cabinet,chique furniture
https://www.gblfurniture.com/products/provence-1door-cabinet,oak furniture range
https://www.gblfurniture.com/products/provence-1door-cabinet,sofas
https://www.gblfurniture.com/products/provence-1door-cabinet,furniture range vintage
https://www.angliarecliners.co.uk/products/swan/,sofa overall
https://www.angliarecliners.co.uk/products/swan/,stylish sofas
https://www.angliarecliners.co.uk/products/swan/,sofas
https://pepegarden.co.uk/products/erica-park-bench,swing - seat
https://www.simplyhammocks.co.uk/collections/new-products/products/denim-hammock,hammocks we
https://www.simplyhammocks.co.uk/collections/new-products/products/denim-hammock,service as standard
https://www.simplyhammocks.co.uk/collections/new-products/products/denim-hammock,service
https://www.theurbaneditions.com/products/marston-wide-desk-on-minimalist-square-legs,marston wide console desk
https://www.theurbaneditions.com/products/marston-wide-desk-on-minimalist-square-legs,walnut iroko
https://www.theurbaneditions.com/products/marston-wide-desk-on-minimalist-square-legs,free shipping
https://www.nabisottomanfurniture.co.uk/products/chesterfield-diamante-bed-frame,bed frame
https://www.nabisottomanfurniture.co.uk/products/chesterfield-diamante-bed-frame,bed
https://www.littletulip.com/products/set-200-marble-6,grey chair top
https://www.littletulip.com/products/set-200-marble-6,tulip table
https://www.littletulip.com/products/set-200-marble-6,tables
https://www.oaktreeupholstery.co.uk/products/double-headboard-b-fabric,plain cream
https://www.oaktreeupholstery.co.uk/products/double-headboard-b-fabric,pane taupe
https://www.oaktreeupholstery.co.uk/products/double-headboard-b-fabric,pane off
https://www.oaktreeupholstery.co.uk/products/double-headboard-b-fabric,pane cream
https://www.oaktreeupholstery.co.uk/products/double-headboard-b-fabric,pane beige
https://www.oaktreeupholstery.co.uk/products/double-headboard-b-fabric,pane aqua cream
https://shackletonsretail.co.uk/products/,sofas
https://shackletonsretail.co.uk/products/,chairs
https://rusticland.co.uk/products/industrial-2x-handmade-x-dining-table-bench-frame-steel-large-table-pedestal-legs,brackets may
https://gfurniture.ca/products/,bedroom
