URL,IsAccessible
https://www.factorybuys.com.au/products/euro-top-mattress-king,TRUE
https://dunlin.com.au/products/beadlight-cirrus,TRUE
https://themodern.net.au/products/hamar-plant-stand-ash,TRUE
https://furniturefetish.com.au/products/oslo-office-chair-white,TRUE
https://hemisphereliving.com.au/products/,TRUE
https://interiorsonline.com.au/products/interiors-online-gift-card,TRUE
https://livingedge.com.au/products/tables/dining,TRUE
https://www.knoll.com/design-plan/products/by-designer/knoll,TRUE
https://www.balirepublic.com.au/products/fabric-cleaner,TRUE
https://vastinterior.com.au/products/samson-daybed-single-2,TRUE
https://www.hudsonfurniture.com.au/products/string-weave-timber-stool,TRUE
https://dhfonline.com/products/gift-card,TRUE
https://www.tandemarbor.com/products/kaiser-box-bed-blush-plush-velvet,TRUE
https://www.perchfurniture.com/products/hoyt-chair,TRUE
https://www.fentonandfenton.com.au/products/gift-card&media=http://cdn.shopify.com/s/files/1/1909/9637/products/GiftVouchers_Product_1024x1024.jpg&description=Gift%20Card%20%23Art-Lover%20%23Birthday%20%23Colour-Lover,TRUE
https://4-chairs.com/products/mason-chair,TRUE
https://www.theinside.com/products/x-bench-onyx-austin-stripe-by-old-world-weavers/PTM_XBench_OnyxAustinStripeByOldWorldWeavers,TRUE
https://pinchdesign.com/products/yves-desk,TRUE
https://www.do-shop.com/products/gift-card,TRUE
https://claytongrayhome.com/products/palecek-coco-ruffle-mirror,TRUE
https://dfohome.com/products/patio-furniture/swings/all-swings,TRUE
https://www.kmpfurniture.com/fire_collection/products/beds_80.html,TRUE
https://www.furnitureworldgalleries.com/products/,TRUE
https://cityfurnitureshop.com/collections/greenington/products/azara-bed,TRUE
https://www.theguestroomfurniture.com/products/,TRUE
https://www.danishinspirations.com/products/products/bedroom/page/3/,TRUE
https://columbineshowroom.com/products/,TRUE
https://emfurn.com/products/aaron-sofa,TRUE
https://galvinbrothers.co.uk/products/alfandbud,TRUE
https://tyfinefurniture.com/products/enso-platform-bed,TRUE
https://24estyle.com/products/eliza-fan,TRUE
https://www.cranmorehome.com.au/products/gift-card,TRUE
https://www.vavoom.com.au/products/ebony-chest,TRUE
https://www.goodwoodfurniture.com.au/products/wardrobes/colonial-robe/,TRUE
https://valentinesfurniture.com.au/products/,TRUE
https://www.yellowleafhammocks.com/products/hammock-gift-card,TRUE
https://asplundstore.se/products/fish-bricka,TRUE
https://distinctive-interiors.com/products/,TRUE
https://www.comfortfurniture.com.sg/sale/products/office,TRUE
https://www.mybudgetfurniture.com/products/3pc-sectional,TRUE
https://www.fads.co.uk/products/living/sofas/sofa-beds/,TRUE
https://www.hipvan.com/products/sleep-mattress?ref=nav_dropdown,TRUE
https://dwell.co.uk/products/sleep/type/bed/,TRUE
https://www.timothyoulton.com/products/living/sectional-sofas,TRUE
https://www.warmnordic.com/global/products/news,TRUE
https://www.royaloakfurniture.co.uk/products/pop-bench,TRUE
https://mulamu.com/products/membership,TRUE
http://www.genesisfurniturelv.com/products/,TRUE
https://theodores.com/products/,TRUE
https://www.jensen-lewis.com/products/guardsman-gold-complete-plan,TRUE
https://cultdesign.co.nz/products/molloy-chair,TRUE
https://www.gloster.com/en/products/materials/teak,TRUE
https://capsulehome.com/products/frey-sofa'%3EFrey%20Sofa%3C/a%3E%20and%20I%20wanted%20to%20share%20it%20with%20you,TRUE
https://www.normann-copenhagen.com/en/en/products/tivoli/lamps/toli-lamp--20-cm-eu-5005028,TRUE
https://allwoodfurn.com/products/group-119-rustic-two-tone-gathering-table-and-barstools,TRUE
https://lostine.com/products/jack-chairs,TRUE
https://www.somedaydesigns.co.uk/products/muuto-tip-lamp?variant=513748041743,TRUE
https://www.mainecottage.com/collections/workspace/products/big-cay-desk,TRUE
https://www.antoninimodernliving.com/products/,TRUE
https://vancouverwoodworks.com/products/aamerica-wslcb5091,TRUE
https://www.kannoa.com/products/lipa-barstool,TRUE
https://furnitureoutletnc.com/products/deluxe-full-mattress,TRUE
https://www.thefurnituremegastore.co.uk/products/noir-80x180-cm-wall-mirror,TRUE
https://eurolivingfurniture.com/products/746-writing-desk,TRUE
https://www.efurnitureny.com/products/wardrobes-and-closets/wardrobe-closet-and-armoires,TRUE
https://decorium.us/products/costa-adjustable-barstool,TRUE
https://www.softsquare.com/collections/usm-haller/products/usm-haller-media-o1,TRUE
https://najarianfurniture.com/products/roma-sofa-pebble,TRUE
https://qualitywoods.com/products/qw-amish-mckee-6pc-dining-set?variant=31793708105810,TRUE
https://americanbackyard.com/products/gift-card,TRUE
https://www.roccityfurniture.com/products/abney-4pc-set/,TRUE
https://craftassociatesfurniture.com/products/craft-associates-wool-lounge-chairs-1519,TRUE
https://huset-shop.com/products/gift-card,TRUE
https://www.scotmeachamwoodhome.com/products/hodges-tweed,TRUE
https://www.espasso.com/products/tearsheet/1815,TRUE
https://sika-design.com/products/belladonna-nature,TRUE
https://www.dimshome.com/products/eave-desk,TRUE
https://thebellacottage.com/products/barrel-bar,TRUE
https://www.skandium.com/products/ch24-soft,TRUE
https://www.woodwaves.com/products/gray-floating-tv-stand-entertainment-center-eco-geo-lakewood,TRUE
https://jeremiahcollection.com/products/record-storage-console,TRUE
https://thefinestore.com/products/gift-card,TRUE
http://oot-oot.com/products/,TRUE
https://lorfords.com/collections/the-armchair-collection/products/the-bayswater-armchair,TRUE
https://pastperfect.sg/products/,TRUE
https://bastilleandsons.com.au/products/ottoman-leo,TRUE
https://classicwithatwist.com.au/products/1900-bench,TRUE
https://apato.com.au/products/work/kobo-st-desk/,TRUE
https://thewoodroom.com.au/products/take-me-back,TRUE
https://thebanyantree.com.au/products/gift-card,TRUE
https://ardoutdoor.com/products/,TRUE
https://hauserstores.com/products/mesa-sofa?view=product-alt,TRUE
https://boahaus.com/products/boahaus-urban-dressing-table,TRUE
https://tabularasa-furniture.com/collections/frontpage/products/ohmm-fiesta,TRUE
https://livingbydesign.net.au/products/sorensen-teak-bench-seat-dining,TRUE
https://www.living-home.co.uk/products/58-07-valencia-side-table,TRUE
https://relm.com.au/products/,TRUE
https://www.bellus.com/products/,TRUE
https://modernkomfort.ca/products/glen,TRUE
https://www.aarniooriginals.com/collections/shop/products/pony,TRUE
https://chansfurniture.com/products/copy-of-42-tennant-brand-modern-style-beatrice-bathroom-sink-vanity-tb-9433-v42-wenge-color,TRUE
https://hedgehousefurniture.com/products/windsor-bed,TRUE
https://shop.vanillawood.com/products/plume-wallpaper,TRUE
http://modliving.com.ph/products/,TRUE
https://oakforless.com/products/gift-card,TRUE
https://www.castlery.com/products/spot-shelf,TRUE
https://homestreethome.ie/products/zinc-tray,TRUE
https://www.myconcept.com.hk/products/moo,TRUE
https://vauntdesign.com/products/forna-plant-stand-small,TRUE
https://asianteakfurniture.com/products/bali-teak-bench-atf388,TRUE
https://furnitica-vinova.myshopify.com/products/enim-donec-pede,TRUE
https://mikazahome.ca/products/page/4/,TRUE
https://barnabylane.com.au/products/spensley-tan,TRUE
https://www.modernfurniture.com.au/collections/on-sale/products/vision-suspended-sunbed,TRUE
https://teak-furniture-singapore.com/products/sweden-side-table,TRUE
https://teak-warehouse-sale.com/products/tws889lt-000-ta-lp,TRUE
https://www.countrysideamishfurniture.com/products/home-entertainment-centers/all/P40,TRUE
https://www.modishstore.com/products/twos-company-sunburst-antiqued-gold-wall-mirror,TRUE
https://loft-theme-demo-nashville.myshopify.com/products/black-chair,TRUE
https://teakco.com/products/amsterdam-2-drawer-bedside-table-tek168bs-002-ta,TRUE
https://big-sale-furniture.com/products/amsterdam-bench-150-x-35-be-150-35-ta,TRUE
https://taktcph.com/products/,TRUE
https://www.blackmango.com.au/products/gift-card,TRUE
https://candb.ca/products/10-gel-memory-foam-mattress,TRUE
https://www.oopenspace.com/products/nova-3,TRUE
https://thonet.co.nz/products/all,TRUE
https://www.dengiloutdoorfurniture.com/products/sofa-sets/rattan-sofa-sets/,TRUE
https://ubikhome.co.za/products/ada-tv-stand,TRUE
https://vintage-etc.com/products/tabeni-coat-stand,TRUE
https://www.hamac-shop.be/products/hamac-brasil-xxl-vert,TRUE
https://ikonitaly.com/products/minimaproject-chieut-table,TRUE
https://waltercox.co.uk/products/,TRUE
http://www.diamondfurniturepremier.com/products/,TRUE
https://www.212concept.com/products/ikon-sofa,TRUE
https://vintagehomeboutique.ca/products/zinolin-teak-oil,TRUE
https://www.couchpotatocompany.com/collections/best-sellers/products/ro-armchair,TRUE
https://mueblesitaliano.ph/products/,TRUE
https://www.laura-james.co.uk/products/coffee-table-corona,TRUE
https://emesfurnishop.co.uk/products/ivo-wardrobe,TRUE
https://mossgardenhome.com/products/woodland-puzzle,TRUE
https://lesa.com.my/website2019/products/living/,TRUE
https://nyfurnitureoutlets.com/products/acme-furniture-versailles-classic-bed-king,TRUE
https://www.mydiscountmalta.com/products/mdm-wardrobe,TRUE
http://www.muuduufurniture.com/products/frame-material/wood/,TRUE
https://ifurnituresupply.com/products/spray-adhesive,TRUE
https://lazysusansusa.com/products/ls-16-myr-16-inches-in-diameter,TRUE
https://www.willowcreekteak.com/products/8pc-venice,TRUE
https://www.furnitureworldsaskatoon.com/products/,TRUE
https://hklivingusa.com/products/marble-terrazzo-board-multi-color,TRUE
https://scenicdecor.ca/products/grasshopper-storage-bin,TRUE
https://www.18karatstore.com/collections/new/products/argea,TRUE
https://mesasilla.ca/products/,TRUE
https://varkoa.com/products/sven-chair,TRUE
http://veranda.com.au/products/#outdoor-anchor,TRUE
https://syscomseatings.com/products/workstation-manufacturers-bangalore/tile/,TRUE
https://www.insaraf.com/products/solid-wood-coasters,TRUE
https://www.nsquarestudio.com/products/odin-bedside-table,TRUE
https://lovenlight.eu/products/page/3/,TRUE
https://scanteak.com.sg/products/apen-bookcase,TRUE
http://roomyroom.com/collections/writing-table/products/french-riviera-paris-3-drawer-desk-rmy238,TRUE
https://www.finnavenue.com/products/carrara-round-dining-table,TRUE
https://singapore-furniture-sale.com/products/naples-teak-coffee-table-40x60x100-sfs638ct-000-ta,TRUE
https://1outdoorfurniture.com/products/asmund-outdoor-console-table-with-2-sink-set-1tf168inx-console-table-2-sink-set,TRUE
https://wholesaleclassicfurniture.com/products/lyon-french-victorian-lamp-table-bedside-timber-bedside-table-white-wcf168bs-101-pn-wh_1,TRUE
https://www.novena.com.sg/collections/stayhome-collection-for-immediate-delivery/products/altas-dining-set-solid-wood,TRUE
https://taylorbdesign.com/products/hb-1441,TRUE
https://houseofanli.com/products/gift-card,TRUE
https://hemma.sg/products/flower-planter?_pos=1&_sid=7be5737ba&_ss=r,TRUE
https://wholesaleteakcompany.com/collections/frontpage/products/sonoma-los-angeles-mirror-back-teak-glass-display-cabinet-wtc288dc-200-mr-pnm,TRUE
https://hmezsofa.sg/products/marble-tray,TRUE
https://www.vetrohome.com/products/dice-sofa,TRUE
https://gingerjarfurniture.com/products/page/3/,TRUE
https://solidaustin.com/products/cooks-sofa,TRUE
https://alteriors.ca/collections/herman-miller/products/nelson-saucer-bubble-lamp,TRUE
https://www.eurohausfurniture.com/products/novaluna-parigi-platform-bed,TRUE
https://www.ultimateliving.co.nz/products/adam,TRUE
https://www.rimufurniture.co.nz/products/riviera-1900-hutch-2/,TRUE
https://www.zavedo.nz/collections/wall-hooks/products/soho-hook-50,TRUE
https://www.jardin.co.nz/clearance/products/costa-chair-~-verbena/,TRUE
https://www.corcovado.co.nz/products/the-corcovado-kea-sofa,TRUE
https://www.lujo.co.nz/products/bean-bag-hook,TRUE
https://www.lujoliving.com/products/bean-bag-hook,TRUE
https://wrightsfurnitures.com/products/,TRUE
https://modernhomefurniture.com.au/products/albert-sofa,TRUE
https://www.konfoliving.com/products/miami-bean-bag-chair,TRUE
https://www.zipchair.com/products/stealth-recliner-with-boston-bruins-logo,TRUE
https://gousesfurniture.com/products/,TRUE
https://dkmodernfurniture.com/products/novah-desks?variant=20650194534470,TRUE
http://position-collective.com/skill/products/,TRUE
https://driftingwood.in/products/driftingwood-room-garden-love-folding-table-black,TRUE
https://jubileefurniturelv.com/products/anette-modern-leather-bed,TRUE
https://www.madebyhame.com/products/ladder,TRUE
https://interiorsinvogue.com/products/side-sofa-table-silver-finish-har189,TRUE
https://rileysrealwood.com/products/detail/magnistretch-12,TRUE
https://www.royalgarden.com/products/russel-4pc-seating-set,TRUE
https://centralcoastfurniture.com/collections/desks/products/lewis-desk,TRUE
https://www.henryandoliverco.com/products/gift-vouchers,TRUE
https://avehome.com/products/aria-desk,TRUE
https://elephanthead.co.uk/products/colourful-markers-cushion-cover,TRUE
https://www.coolstuffandaccessories.com/products/white-wood-dining-table,TRUE
https://french-classic-furniture.com/products/french-round-back-dining-chair-white-fcf688ch-000-rd-qa-wh_1,TRUE
https://habitekshop.com/products/model-5-oak,TRUE
https://plankandpipe.co.uk/products/copper-pipe-clothes-hanger-hooks,TRUE
https://www.polyteakoutdoor.com/products/polyteak-curved-outdoor-rocking-chair,TRUE
https://modholic.com/products/tulip-bar-table,TRUE
https://walkeredisonshop.com/products/jackson-slat-entry-table,TRUE
https://yoyo.co.nz/products/yoyo-gift-voucher,TRUE
https://newstartfurniture.com.au/products/4-four-poster-king-bed-frame,TRUE
https://panana.co.uk/products/3-seater-sofa-bed,TRUE
https://mahliainteriors.com.au/collections/mothers-day-15-off-sale/products/bone-inlay-floral-box-black,TRUE
https://choufani.com/products/primavera-bed,TRUE
https://copperbarnhome.com/products/gift-card,TRUE
https://www.ofo.com.au/products/hanging-pod-chair,TRUE
https://www.furniturecontracts.com.au/products/,TRUE
https://www.innerspace.net.au/products/STOOLS-5414,TRUE
https://americanwholesalefurniturewi.com/products/,TRUE
https://www.naturalgeo.com/products/natural-geo-jasmine-modern-wavy-abstract-gray-black-area-rug,TRUE
https://home-evolution.com/products/one-storys-not-enough/,TRUE
https://hamptonsstyle.com.au/products/hamptons-style-gift-card,TRUE
https://www.henkalab.com/products/kaona-table,TRUE
https://www.blockandchisel.co.za/products/special-features/promotion-53,TRUE
https://mintffe.com.au/products/,TRUE
https://modernityvintage.com/products/wilhelm-renz-metamorphic-coffee-table,TRUE
https://www.smallspaceplus.com/products/scube,TRUE
https://www.totemroad.com/products/gift-card,TRUE
https://whataroom.com/collections/new-arrival-rugs/products/arsene-r3475-aqu000,TRUE
https://penelopesgarden.us/products/cbd-starter-kit-save-5,TRUE
https://idsfurniture.com/categories/563349/simon/products/sim-s-ch/simon-side-chair,TRUE
https://www.byronbayhangingchairs.com.au/products/weekender,TRUE
https://www.homebarsusa.com/products/howard-miller-niagara-bar-693-001,TRUE
https://www.wellhunghammocks.com/products/mexican-hammock,TRUE
https://midcenturymasters.com/products/sculptural-ebonized-credenza-with-silver-leafed-front,TRUE
https://primrosehomeware.co.uk/products/pulley-clothes-airer-5-lath,TRUE
https://www.classic2modern.com/products/100-sofa,TRUE
https://www.mrandmrswhite.net/products/gift-card-2,TRUE
https://www.theteakplace.com.au/products/garden-bench-cushions,TRUE
https://www.mymoderndecor.com/sales@mymoderndecor.com/products/slim-bookcase-800923,TRUE
https://thecountryfurniture.com/products/sequoia,TRUE
https://lamporia.com/products/tbl4229a,TRUE
https://reecefurniture.com/products/jonkoping-sofa,TRUE
https://ulfertskids.com/products/rectangle-6,TRUE
https://www.thecurious.mx/collections/products/products/arcos-chair,TRUE
https://www.prestige-affairs.com/products/wishbone-y-chair,TRUE
https://vanspecial.com/products/self-planner,TRUE
https://www.wbjamieson.com/products/string-system,TRUE
https://www.canvasinteriors.com/collections/rugs/products/lia,TRUE
https://www.sunshinefurniture.com.au/products/albert-sofa,TRUE
https://elinahome.com/products/18-x-18-inch-satin-napkins-rhinestone-napkin-rings-party-supplies-christmas-decorations-wedding-birthday-baby-shower,TRUE
https://www.modernisedliving.com.au/products/3-sets-tank-pots-grey,TRUE
https://shop.humblecrew.com/products/lucky-theory-metal-chair,TRUE
https://www.simplyfurnishing.co.uk/products/4kids-1-door-desk-mobile-with-lemon-handles,TRUE
https://uniqwafurniture.com.au/collections/decorative-decor/products/bwindi-wall-art,TRUE
https://woodshopfogoisland.ca/products/bertha-chair,TRUE
https://profilesny.com/collections/art/products/bleach-scarf,TRUE
https://www.thefurniturefactory.org.uk/products/warwick-dining-set,TRUE
https://tiger-oak.com/products/skovby-portable-bar,TRUE
https://www.georgestreet.co.uk/products/e1-flush-3-light-ceiling-light/,TRUE
https://jordansinteriors.ca/products/park-slope-desk,TRUE
http://camerich-bd.com/products/,TRUE
https://bestfurniture.co.nz/products/linea-sideboard,TRUE
https://www.imfurniturestore.com/products/sofa,TRUE
https://adona.in/products/adona-adonica-fusion-king-bed-plywood,TRUE
https://shop.gubi.com/products/epic-dining-table,TRUE
https://nativelifestyle.co.uk/products/cons-cesar01,TRUE
https://bohincstudio.com/collections/vases/products/jupiter-vase,TRUE
https://austinleathergallerytx.com/products/,TRUE
https://www.saladinostyle.com/products/nature,TRUE
https://finelinefurnitureandaccessories.com/products/colosso-woven-neoprene-hand-knotted-basket,TRUE
https://camerichseattle.com/products/rugs/,TRUE
https://domedeco.us/categories/639951/carpets/products/zu140200{slash}an/woolen-carpet-_singlequotes_zubair_singlequotes_,TRUE
https://donar.si/products/collodi,TRUE
https://www.gblfurniture.com/products/provence-1door-cabinet,TRUE
https://www.thechesterfieldshop.com/products/sofas/,TRUE
https://westbridgefurniturestoke.co.uk/products/view/890,TRUE
https://www.hopperstudio.com/products/sofia-nightstand,TRUE
https://www.angliarecliners.co.uk/products/swan/,TRUE
http://www.furnimax.co.uk/products/more-sleep-cadiz-double-complete-set/,TRUE
https://headandhaft.co.uk/products/tir,TRUE
https://hilaryandflo.co.uk/products/nice-print,TRUE
https://pepegarden.co.uk/products/erica-park-bench,TRUE
https://shannonsales.co.uk/products/special-offers/special-offers-and-sale-items/,TRUE
https://settlehome.co.uk/products/double-pair-of-triple-pinch-pleat-curtains-in-zoffany,TRUE
https://www.simplyhammocks.co.uk/collections/new-products/products/denim-hammock,TRUE
https://tiffanyjayne.co.uk/products/small-hooks,TRUE
https://thefurniture-house.co.uk/products/new-grey-recliner-sofa,TRUE
https://www.dillamores.co.uk/products/claremont-two-seater-sherborne/,TRUE
https://www.royalcraft.co.uk/products/ascot-shed-2,TRUE
https://www.fireandco.co.uk/products/fire,TRUE
https://www.askewsfurniture.co.uk/products/disposal-of-old-mattress,TRUE
http://andywilx.co.uk/collections/cushions/products/dreaming-cushion,TRUE
https://www.bridgnorthfurniture.co.uk/products/verona-chair,TRUE
http://davidmoura.co.uk/products/eight-light-antler-chandelier,TRUE
https://www.theurbaneditions.com/products/marston-wide-desk-on-minimalist-square-legs,TRUE
https://furniturevilla.co.uk/products/living-room-furniture/desk,TRUE
https://www.grandadsshedbrigg.co.uk/products/living/east-indies-living/,TRUE
https://hanchicsfurniture.co.uk/products/stag-f-b-sideboard,TRUE
https://limesinteriors.co.uk/collections/popular-items/products/abree-lamp,TRUE
https://www.nabisottomanfurniture.co.uk/products/chesterfield-diamante-bed-frame,TRUE
https://www.poppiesfurnituredirect.co.uk/apps/webstore/products/show/5373703,TRUE
https://thedorsetfurniturecompany.co.uk/products/arctic-white-high-gloss-150cm-shelf,TRUE
http://thefurnitureshopblackhall.co.uk/products/,TRUE
https://www.littletulip.com/products/set-200-marble-6,TRUE
https://urbansize.co.uk/products/hallway-tidy,TRUE
https://www.abowed.co.uk/products/oak-four-poster-bed,TRUE
https://www.oaktreeupholstery.co.uk/products/double-headboard-b-fabric,TRUE
https://shackletonsretail.co.uk/products/,TRUE
https://snugathome.co.uk/products/eiffel-dining-chair,TRUE
https://rusticland.co.uk/products/industrial-2x-handmade-x-dining-table-bench-frame-steel-large-table-pedestal-legs,TRUE
https://www.homeaffections.co.uk/products/wide-display-cabinet-540005-bonoca,TRUE
https://derwenthouseliving.co.uk/products/,TRUE
https://www.collectioni.com/products/noahs-ark-lounge-swivel-chair,TRUE
https://odafurniture.com/products/,TRUE
https://squarehome.com/products/,TRUE
https://thebeachfurniture.com.au/products/gift-card,TRUE
http://aonefurniture.in/userdata/products/no%20value,TRUE
https://furnituremama.com/products/three-door-wardrobe-mirror-2,TRUE
https://gfurniture.ca/products/,TRUE
max(page),FALSE
https://home-buy.com.au/products/bridger-pendant-larger-lamp-metal-brass,FALSE
https://beckurbanfurniture.com.au/products/page/2/,FALSE
https://edenliving.online/collections/summerloving/products/nice-lounge-1,FALSE
https://www.ourfurniturewarehouse.com.au/products/athens-3pce-lounge-includes-2x-armless-3-seater-and-corner-ottoman-in-grey-storm-fabric?_pos=1&_sid=9f9ca4320&_ss=r,FALSE
https://cane-line.co.uk/collections/news-2020/products/breeze-sunbed-5569,FALSE
https://haute-living.com/products/beam-desk,FALSE
https://premiumpatio.com.au/products/outdoor-tables/page/3/,FALSE
https://furnish123watertown.com/products/,FALSE
http://www.vawayside.net/store/products/tag/beds,FALSE
https://curiousgrace.com.au/products/cleo-desk-lamp,FALSE
https://modshop1.com/collections/amalfi/products/amalfi-3-door-credenza,FALSE
https://www.scandesign.com/products/pavia-sectional-ivory,FALSE
https://www.sofamania.com/products/carl-victorian-inspired-velvet-button-detail-vanity-accent-stool,FALSE
https://stationfurniture.store/products/milano,FALSE
https://acmeshelving.com/collections/signs/products/sale,FALSE
https://www.jseitz.com/products/buddha,FALSE
https://www.homekoncepts.com/products/furniture/tables/end-tables/,FALSE
https://fmvegas.com/products/carlo-dresser,FALSE
https://nicoyafurniture.com.au/products/playa-bowl,FALSE
https://shopspencerfurnituresiouxfalls.com/products/glass-lamp,FALSE
https://bryantscountrystore.com/products/deli-sandwich-carryout,FALSE
https://vincentdesign.com.au/products/spaltekanden-big-white,FALSE
https://magnolialane.biz/products/anika-cushion,FALSE
https://blupeter.com.au/products/tulip-object,FALSE
https://www.loungesplus.com.au/products/baird-fabric-lounge-package,FALSE
https://runyonsfinefurniture.com/products/alf-bar-stool,FALSE
https://karladubois.com/products/wooster-convertible-crib,FALSE
https://brownsquirrelfurniture.com/furniture/rest-bedrooms/rest-beds/sleep-queen/products/laurel-sleigh/,FALSE
https://viesso.com/products/haru-bed,FALSE
https://floydhome.com/products/the-floyd-hat,FALSE
https://www.fiveelementsfurniture.com/collections/sola-office-collection/products/sola-lift-desk,FALSE
https://test-danish-inspirations.pantheonsite.io/products/products/bedroom/page/3/,FALSE
https://dev-danish-inspirations.pantheonsite.io/products/products/bedroom/page/3/,FALSE
https://houseofhollingsworthblog.com/products/locker,FALSE
https://www.wardrobe-bunk-bed-sofa.uk/products/wardrobe-ava-4-3,FALSE
https://www.hopewells.co.uk/products/living-dining/sofas-chairs/tetrad/tetrad-patna-chair,FALSE
https://kokocollective.com.au/products/esme-natural-rattan-day-bed,FALSE
https://daufurniture.com/products/style/transitional/dana-upholstered-bed/,FALSE
https://www.waynesfinefurnitureandbedding.com/search/products/?s=power+recliners&pp=120,FALSE
https://www.theoakfurnitureshop.com/products/country-trend-solid-oak-tv-stand-51/,FALSE
https://totalpatioaccessories.com/products/product07,FALSE
https://www.groensfinefurniture.com/products/Miscellaneous/misc/394554.html,FALSE
https://yesterdaystreefurniture.com/products/gifts/,FALSE
https://www.popandscott.com/products/raffia-sun,FALSE
https://shophorne.com/products/sarpaneva-cast-iron-casserole,FALSE
https://thebrick.com/products/tacoma-chest,FALSE
https://www.altamodafurniture.com/products/Woodworks/ca_ww/3701npt.html,FALSE
https://www.gowfb.com/products/patio-set-covers,FALSE
https://decorum-shop.co.uk/products/gift-card-10-25-50-100,FALSE
https://designkollective.com/stores/woodlandcreek/products/76623,FALSE
https://pawleysislandhammocks.com/products/swings/rope,FALSE
https://homeresource.com/products/series-7-chair&media=http://cdn.shopify.com/s/files/1/1170/0268/products/Series-7-ann-1423601841_1024x1024.jpeg&description=Series%207%20Chair%20%23Chairs,FALSE
https://www.shorehousefurniture.com/products/Rowe-Furniture/rowe/c396sect.html,FALSE
https://www.jandjtreasuretrove.net/apps/webstore/products/show/8098794,FALSE
https://www.idcmn.com/products/sun-company-861013-queen-bed&source=webclient,FALSE
https://calligarisla.com/products/living/sofas/metro/minimal-and-contemporary-modular-sofa,FALSE
https://stealasofa.com/products/isla-gray-fabric-sectional-sofa-4249,FALSE
https://urbanfurnishing.net/products/5a-rio,FALSE
https://www.furnituremarts.com/products/gallery-home.aspx,FALSE
https://osmen.com.au/products/customize-cushion,FALSE
https://www.stevenshellliving.com/products/piccolo-jug,FALSE
https://contempoconcepts.com/products/winndom-berkeley-iii?_pos=1&_sid=362e09ca2&_ss=r,FALSE
https://sarahellison.com.au/collections/all/products/muse,FALSE
https://oakspecialists.com/products/bedroom/beds/63/,FALSE
https://midinmod.com/products/vendetta-bookcase%20via%20@https://twitter.com/midinmod?lang=en,FALSE
https://www.unclaimed-furniture.com/products/Standard-Furniture/stand/11406.html,FALSE
http://www.kis-lv.com/Products/products.html,FALSE
https://wayborn.com/products/,FALSE
https://www.bovafurniture.com/products/office/desks/page/2/,FALSE
https://hauslondon.com/products/gift-card,FALSE
https://allworldfurniture.com/products/sallie-stool&via=http://www.twitter.com/alworldfurnitur&text=Euro%20Style%20Sallie%20Accent%20Stool,FALSE
https://www.rockymountain.furniture/products/jofran/15003.html,FALSE
https://www.statewidefurniture.com/products/Ashley-Furniture/ashley/1010494.html,FALSE
https://huckandpeck.com/products/gift-card,FALSE
https://mybossfurniture.com/products/tullis-2&via=&text=Tullis%20Cream/Navy/Gray%20Medium%20Rug,FALSE
https://www.furnish123quadcities.com/search/products/?s=36505,FALSE
https://www.sutherlandfurniture.com/collections/quick-ship/products/franck-sofa-quickship,FALSE
https://sjotime.com/products/notch-desk,FALSE
https://www.puji.com/www.puji.com/products/urban-industrial-bistro-dining-table,FALSE
https://littlepartners.com/products/bentwood,FALSE
https://www.shoptorious.com/products/nova-domus-jagger-modern-dark-grey-walnut-bedroom-set,FALSE
https://www.arighibianchi.co.uk/collections/new-in-homepage/products/birds-coat-rack,FALSE
https://idlehands.design/products/page/2/,FALSE
https://www.diyfurniturestore.com/products/inside-out,FALSE
https://www.harpersproject.com/products/marble-stool,FALSE
https://www.morningstartrading.ca/pages/products/recycled-treasures-consignment-pieces/hidden-treasure,FALSE
https://www.hatihome.com/products/lounge-cane,FALSE
https://www.meta44.com/products/homeland,FALSE
https://alasaw.com/products/sample-box,FALSE
http://www.mountainteak.com/products/designer-teak-furniture/,FALSE
https://www.lestudiolum.com/us/products/textiles/throws/,FALSE
https://www.ameriwoodhome.com/Products/Storage/All/,FALSE
https://www.homeandstyle.com.sg/products/richmond-sofa-grey,FALSE
https://curiocavern.ph/products/cow-skull,FALSE
https://www.mossmanilahome.com/products/,FALSE
https://www.getmycouch.com/collections/sofa/products/sofa-sectional-bed-fn-gmc-008237,FALSE
https://www.castlery.com.au/products/mico-stool?quantity=1,FALSE
https://nazzek.myshopify.com/products/wooden-coffee-table,FALSE
https://newforestrusticfurniture.co.uk/products/rustic-ruler-height-chart,FALSE
https://www.starliving.com.sg/products/heather-armchair,FALSE
https://www.langria.com/products/laptop-desk-cart,FALSE
https://www.kolocollection.com/collections/lounging/products/bentley-sofa-in-oyster-weave,FALSE
https://jordanshome.ca/products/blue-vase,FALSE
https://urbangalleria.com/products/rowan-pod-swing,FALSE
https://www.granitelane.com.au/products/flourish-print,FALSE
https://www.stylemyhome.com.au/products/regency-three-drawer-chest,FALSE
https://www.skovby.com/en-gb/products/tv-cabinets/skovby-86,FALSE
https://boulevardoutdoorfurniture.com/products/surin-lounge-set,FALSE
https://jnmhome.ca/products/kuma-artwork,FALSE
http://gharwakhri.com/Products/Bed-Room,FALSE
https://www.nigbursfinefurniture.com/products/,FALSE
https://brownandbeam.com/products/hunts-pouf,FALSE
https://furniturestoresalemoregon.com/products/amish-furniture/style-your-own-syo/,FALSE
https://taeillo.com/products/ada,FALSE
https://birba.co.za/products/elkay-coffee-table-with-black-resign-line-detail,FALSE
https://zenchair.co.za/products/galileo-backrest-for-outdoors,FALSE
https://www.youngath-art.com/products/free-gift-with-every-kids-bed-purchase,FALSE
https://www.masayacompany.com/collections/featured/products/wood-leather-ottoman,FALSE
https://arkaliving.com/products/african-palm-woven-chair,FALSE
https://www.cmphouse.com/products/huntington%E2%84%A2-8pc-patio-sofa-and-lounge-chair-set,FALSE
https://inliving.com/products/,FALSE
https://www.oakvillage.co.uk/products/woburn-painted-wine-rack%20via%20@//twitter.com/oakvillage,FALSE
https://davidsfurniture.com/collections/quick-ship-furniture/products/craftmaster-bang-bang-sofa,FALSE
https://www.fdxonline.com/en/en/products/chaise-lounge-by-dfn,FALSE
https://www.stacksfurniture.co.nz/products/rapaki3seatsofa-fog,FALSE
https://bydesignmodern.com/products/dining-chairs-314-080,FALSE
https://www.bfelix.com/products/lanceros-sofa,FALSE
https://www.amcfurniture.co.uk/products/1-6m-loui-dining-table-with-4-nicole-chairs,FALSE
https://timelessdesign.com.my/products/l-a-lcw-lounge-chair,FALSE
https://atomi.shop/products/wallpaper,FALSE
https://www.houzzconcept.com.au/products/ino-sideboard,FALSE
https://kenittifurniture.com/products/tv-cabinet-mn681,FALSE
https://www.mfdesign.com.my/collections/sales-05/products/mf-design-sofa-3-seater-sales-05,FALSE
https://www.pacificlifestyledecor.com/products/outdoor-patio-pool-and-garden-wicker-storage-box,FALSE
https://foxwoodmerchants.com/products/v-table-need-info,FALSE
https://rusticcraft.ca/products/rocking-chair,FALSE
https://rusteak.com/products/sofa,FALSE
https://www.ambersfurniture.com/products/win-table,FALSE
https://fredericksgallery.ca/collections/bars/products/sonoma-695-064,FALSE
https://www.herashome.com/products/462,FALSE
https://minimalandmodern.ca/products/moes-home-collection-raw-city-at-large-wp-1105-37,FALSE
https://www.equilibriumfurnishings.com/products/abby-walnut-credenza,FALSE
https://htinteriors.ca/products/cross-bench,FALSE
https://designhouse.com/products/pig-bank,FALSE
https://mildanmarket.com/products/bling-mirror-30,FALSE
https://treaclegeorge.com/products/gift-voucher,FALSE
https://www.50-online.com/products/wooden-house-ornament,FALSE
http://thomsonfurnitureonline.com/products/,FALSE
http://www.bycollage.com/products/?product_tag=flux,FALSE
https://boneinlayhome.com.au/products/bone-inlay-french-drawers-floral-grey,FALSE
https://homedesignstoreflorida.com/products/rebecca-bed-king-size,FALSE
https://www.lakkadhaara.com/products/sheesham-made-wooden-khat,FALSE
https://www.kid2youth.in/products/duo-ergonomic-chair,FALSE
http://www.komodromos.com.cy/products/special-offers/page/2/,FALSE
https://bedesign.fi/products/gift-card,FALSE
https://www.elementsconcept.com.sg/collections/lighting/products/light-shade,FALSE
https://singaporetradingpost.com/products/decorative-white-carved-console,FALSE
https://www.ministryofchair.com/products/cushion-lapland,FALSE
https://www.bibliotek.co/collections/featured/products/bird-oak-large,FALSE
https://warehaus.sg/products/boris-chair,FALSE
https://home99.sg/products/l-shape-half-leather-sofa-lp860,FALSE
https://www.nookandcranny.com/products/valda-sofa,FALSE
https://www.gowanusfurniture.com/www.gowanusfurniture.com/products/class-make-your-own-custom-cutting-board,FALSE
https://epilog.co.id/products/telephone-box,FALSE
http://www.italiafurniture.com/products/ellis-dining-collection,FALSE
https://onske.co.uk/products/gift-card,FALSE
https://ilrestaurato.com/products/chrome-counter-bar-stools-1970s,FALSE
https://polini.co.nz/products/changing-table-polini-simple-1080-white,FALSE
https://basefurniture.co.nz/products/pegboard,FALSE
https://www.hammockshop.co.nz/products/childrens-hammock-chair,FALSE
https://www.attichomestore.co.nz/products/maori-hand-carved-wooden-taiha,FALSE
https://urban-beach.co.nz/products/sofa-mica?view=quick,FALSE
https://countrylife.co.nz/commerce/products/2890977554284032/?rt=9&referral_code=page_shop_tab&ref=page_shop_tab,FALSE
https://www.shopden-la.com/products/single-metal-grated-pendant-lamp-by-the-feldman-company,FALSE
https://bohovalley.com.au/products/fern-daybed,FALSE
https://www.lounj.com.au/products/kiki-carver-chair,FALSE
https://sofasandmore.co.nz/products/entertainment-unit-tv-unit,FALSE
https://australianchildrensfurniture.com.au/products/modular-sectional-unit,FALSE
https://www.bandhinidesign.com/products/norway,FALSE
https://www.case22.com.au/products/moooi-chess-table,FALSE
https://www.kwikshopnship.com.au/products/rede-de-dormir-hammock,FALSE
https://nestz.com.au/products/classic-chess-board,FALSE
https://kubekfurniture.com/products/pearl-day-bed&title=Pearl%20Day%20Bed%20-%20Reserve%20one%20from%20June/July%20stock%20with%20just%20a%20deposit%20-%20CONTACT%20US,FALSE
https://www.koernerfurniture.com/products/La-Z-Boy/lazboy/010563.html,FALSE
https://razoutlets.com/products/table-lamp,FALSE
https://all3loops.com/products/personalized-coozies,FALSE
https://augustusbrandt.co.uk/products/seating-2/204315/,FALSE
https://maximahouse.com/products/denver-tv-set,FALSE
https://www.conceptuscollection.com/products/kyu-dining-chair,FALSE
https://woodaction.com/products/folding-wardrobe,FALSE
https://homesteadfurniturebc.com/products/zane-bedroom-collection-please-contact-us-for-black-friday-pricing&via=hsfbc&text=Zane%20Bedroom%20Collection,FALSE
https://popstrukt.com/products/steel-shelf-standard,FALSE
https://woodtribe.co.nz/products/wood-framed-signs,FALSE
https://www.project82.com.au/products/palermo-rug-by-armadilloampco,FALSE
https://www.jaimesfurniture.com/products/junior-beds-1,FALSE
https://studioydesign.ca/products/ontario-classic-storage-bed,FALSE
https://pure-patio.com/products/braxton-bar-arm-chair,FALSE
https://www.skyhomedecor.com/collections/kids/products/the-rug-market-doodle-71287-area-rug,FALSE
https://elegantoak.co.uk/products/abbert-5ft-bed,FALSE
https://emvy.gr/products/,FALSE
https://em-say.com/products/gift-card,FALSE
https://www.allaboutproduct.net/products/live-edge-86-metal-base-dining-table-with-matching-2-chairs-1-bench,FALSE
https://rigersfitness.com/products/professional-wooden-rocker-balance-board,FALSE
https://houseofdurante.co.uk/products/libra-bronze-boar-sculpture,FALSE
https://shop-ames-interiors.com/products/gift-card,FALSE
https://ezzo.co.uk/collections/home-page-products/products/garret-3-seat-sofa,FALSE
https://homedesires.com/products/gift-card,FALSE
https://sakhome.co.uk/collections/best-sellers-1/products/bibi-candle-holder-rouge,FALSE
https://www.astellahrela.com/products/narla-tray,FALSE
https://huxlo.co.uk/products/desk,FALSE
https://mandai-design.com/products/led-einbaustrahler-boston-downlight,FALSE
https://www.furnituresales.com.au/products/200573469,FALSE
https://www.jarrahmarri.com.au/products/corner-tv-unit,FALSE
https://outonthepatio.com.au/products/aria,FALSE
https://www.mantrafurnishings.com/products/5285-01-chair,FALSE
https://thecooldepot.com/products/3d-cement-wall-planter,FALSE
https://ifortifi.ca/products/pl103,FALSE
https://denvermodern.com/products/chula-outdoor-rug,FALSE
https://famgizmo.co.uk/products/1800w-log-burning-flame-effect-stove-electric-fire-heater-fireplace-standing,FALSE
https://www.interiorliving.ca/products/elaine-chair-1,FALSE
https://www.bbdgstore.com/products/bed-pillows,FALSE
https://homeandpatioliving.com/products/mib,FALSE
https://www.savetheplanetfurniture.com/products/lantern-silver-cube,FALSE
https://www.greensladesfurniture.co.nz/collections/rugs/products/nebraska-floor-rug-ash,FALSE
https://www.loomlan.com/collections/modern-furniture-sofa-loveseat-tufted-leather-blue-velvet/products/dean-92-california-casual-sofa,FALSE
https://www.pizzazzhub.com.au/products/4-tier-tv-media-stand,FALSE
https://www.souk.co.nz/products/sumatra-chair%20via%20@https://twitter.com/Souk_Collective,FALSE
https://stylefurniture.com.sg/products/lucas-armchair,FALSE
https://www.walteralice.com/products/wool-alpaca-poly-blend-check-fireside-chair?variant=8105538551900,FALSE
https://veroabode.com/products/adjustable-vintage-retro-rustic-bar-stool,FALSE
https://www.kotihome.com.au/collections/tv/products/new-devanti-40-inch-smart-led-tv-2k-full-hd-lcd-slim-screen-black,FALSE
https://www.novomodern.com/products/avenue-chair,FALSE
https://workspaceluxe.com.au/products/6ixty-zine-desk,FALSE
https://www.newleafupcycled.com.au/products/rustic-shabby-chic-bookcase,FALSE
https://www.thedesignedit.com.au/products/daria-cushion,FALSE
https://www.therusticfurniturestore.com/products/global-floor-lamp,FALSE
https://dormahome.com/products/seaford-shelf-black,FALSE
https://www.paetry.com/products/catalina-chair,FALSE
https://reclaimedcharm.co/products/2-day-designs-dartboard-cabinet,FALSE
https://luxstreet.com.au/collections/outdoor/products/whitehaven-dining-chair-white-frame-white-wicker-seat,FALSE
https://wazofurniture.com/collections/sofa/products/grant-blue-fabric-sofa,FALSE
https://www.unitedoutdoorfurniture.com.au/products/scarlett-indoor-timber-buffet-sideboard%20via%20@https://twitter.com/UnitedHouse1,FALSE
https://www.generalstorefurniture.com.au/products/design-customise-your-own-timber-dining-table,FALSE
https://www.simpli-home.com/products/braxton-desk,FALSE
https://www.mykahome.com.au/products/zee-back-cushion,FALSE
https://mrnanyang.com/products/cushioned-soft-leather-chair,FALSE
https://www.bilberry-furniture.co.uk/products/test,FALSE
https://bostonwoods.co.za/products/kr3-pedestal,FALSE
https://humelabamerica.com/products/clea,FALSE
https://sghomefurnishing.com/collections/study-room/products/alvise-working-desk,FALSE
https://bydesigntexas.com/products/bdimargo%E2%84%A2-5229-media-cabinet-6-colors?_pos=1&_sid=81298bf3f&_ss=r,FALSE
https://furnitureshop.net/products/curvy-chair,FALSE
https://www.mooradians.com/products/?filter_brand=fairfield-chair-company,FALSE
https://rawmaterials.eu/products/acaciawood-curved-wall-shelf-80-cm,FALSE
https://grandads-shed.com/products/daintree-mugs,FALSE
https://popularstores.co.za/products/te-6011,FALSE
https://lavida-furniture.com/products/lua,FALSE
https://mydesignrepublic.com/collections/all/products/antika-rug,FALSE
https://www.alwaysabargain.co.uk/products/talladale-3-over-4-chest-of-drawers,FALSE
https://mikisew.ca/products/futon-mattress,FALSE
https://mybellas.com/products/paolo-bench,FALSE
https://limitedabode.co.uk/products/pink-art,FALSE
https://shabbystore.co.uk/products/the-ritz-bed%20via%20@https://twitter.com/ShabbyStore,FALSE
https://welcometohome.com.au/products/peyton,FALSE
https://allstatefurniturenj.com/products/bayonne-bedroom-collection,FALSE
http://www.odinlifestyle.com/products/collections/tyr/,FALSE
https://perfectforthehome.co.uk/collections/occasional/products/maison-velvet-chair,FALSE
https://www.wrights-furniture.com/products/La-Z-Boy/lazboy/440521.html,FALSE
https://jeffjonesfurniture.net/products/Ashley-Furniture/ashley/b69746.html,FALSE
https://www.klinnerfurniture.com/products/simmons/beautysleepdauphinislandtighttopplushking.html,FALSE
https://www.lastersfurniture.com/products/surya/a10858.html,FALSE
https://www.grainwoodfurniture.com/products/shaker-twin-panel-platform-bed,FALSE
https://davishomefurniture.com/products/office/desk/,FALSE
https://nofred.com/products/wall-bug,FALSE
https://brisbanefurniture.com.au/products/linear-desk,FALSE
https://www.ledecostyle.com/collections/featured-products/products/1970s-sputnik-suspension-lamp-made-in-murano-in-star-form,FALSE
https://www.theimporter.co.nz/products/bookshelf-rosewood,FALSE
https://galaxiemodern.com/products/jens-risom-sofa,FALSE
https://opulencehome.com/products/lucas-leather-chair,FALSE
https://circa60.com/products/mid-century-modern-walnut-hanging-floating-cabinet&text=Mid%20Century%20Modern%20Walnut%20HANGING%20%20/%20FLOATING%20CABINET,FALSE
https://www.stil.ie/products/butterfly-stool,FALSE
https://www.elanfurniturecorp.com/products/elan-furniture-port-indoor-60-bench%20via%20@//twitter.com/elanfurniture,FALSE
https://www.turquoise.co.uk/collections/walnut/products/walnut-glass-dining-table-h1096,FALSE
https://www.patiocottage.com/collections/patio-chairs/products/back-pack-chair,FALSE
https://www.smithmade.com.au/products/spargo-armchair,FALSE
https://theoutdoorpatiostore.com/products/gazebo-8x8,FALSE
https://www.eventsuber.com/products/resin-folding-chairs-vinyl-pad&text=1000%20lb.%20Capacity%20Resin%20Folding%20Chair%20w/%20Vinyl%20Padded%20Seat,FALSE
https://www.autonomousfurniture.com/collections/frontpage/products/pod11-1,FALSE
https://parliamentinteriors.com/products/accessories-and-decor,FALSE
https://www.bbfurniturestore.co.uk/products/sareer-3000-pocket-sprung-mattress,FALSE
https://baskdesign.com/collections/new-products/products/social-1,FALSE
https://finditstyleithome.com.au/products/dahlia-mirror-gold-1,FALSE
https://medleyhome.com/products/ridge-accent-chair,FALSE
https://www.hanaleyinteriors.co.uk/products/page/3/,FALSE
http://mollanbros.co.uk/products/page/4/,FALSE
https://atouchoffurniture.co.uk/products/alton-3-seat-sofa,FALSE
https://www.needlerock.co.uk/products/chairs,FALSE
https://coastalhomecollective.com.au/products/wooden-tray,FALSE
https://pastoesales.com/products/vision-sideboard-5,FALSE
https://lexiconhome.com/products/h181000a70wh&via=&text=Chai%20Accent%20Chest%20w/%20Mirror%20Door,FALSE
https://www.soleilcollective.com/collections/beds/products/driade-edward-i-double-panel-bed,FALSE
https://www.valaray.com/collections/all/products/scandormi-sofa,FALSE
https://empirefurniture.co.nz/products/recliner-lounge-suite,FALSE
https://timleveson.shop/products/nico-sofa-1750-urban,FALSE
https://gibsonpatioshop.com/products/index.html,FALSE
https://hoomefurniture.com/products/page/2/,FALSE
https://www.thenineschools.co.uk/collections/trunk/products/oriental-decorated-blue-trunk,FALSE
https://us.alexandrallewellyn.com/products/leaf,FALSE
https://yourpatiostore.com/products/zara-loveseat,FALSE
https://www.idealfurnishings.co.uk/products/amsterdam-double-bedstead,FALSE
https://www.villalane.com.au/products/gift-card,FALSE
https://ingoodcompany.com.au/collections/new-arrivals/products/kuru-bowl-ceramic-37cm-grey,FALSE
https://rutherford-romaguera2611.myshopify.com/products/teddy-rug%20via%20@//twitter.com/undergrndmedia,FALSE
http://olgunstore.com/en/products/sleeping-products/toppers/,FALSE
https://bungalowfurniture.com/products/bath-mat,FALSE
https://ajnaliving.com/products/provence-sofa,FALSE
https://www.countrytime.ca/products/,FALSE
https://foldsmart.co.uk/collections/frontpage/products/deep-double-bookcase,FALSE
https://foreverfurniture.ca/products/living/palliser-furniture/india-leather-sofa,FALSE
https://sigmanmills.com/products/gift-card,FALSE
https://zulufurniture.com/products/posh,FALSE
https://furnituremaddness.com/products/l-shape-leather-lounge,FALSE
https://suncoastsitra.shoptiqstore.com.sg/products/footstool&media=https://cdn.store-assets.com/s/257913/i/8659911_480x.jpeg&description=Footstool,FALSE
https://www.therejectshop.sg/products/page/3,FALSE
https://www.centralliving.co.uk/products/vik-desk-chair,FALSE
http://www.makebuildmend.co.uk/products/,FALSE
https://pinchdesign.co.uk/products/emil,FALSE
https://www.sartra.co.uk/products/beaufort-large-oak-tv-unit,FALSE
https://www.solidoakfurniture.co.uk/products/beds.html,FALSE
https://www.whytesofcrossgar.co.uk/products/otto-accent-chair,FALSE
https://glenwoodfurnishings.co.uk/collections/dining-room/products/cambridge-dining-set,FALSE
https://furniturebylauren.co.uk/products/mayfair-bedroom/,FALSE
https://lloydloom-uk.co.uk/products/ellwood,FALSE
https://www.theattikstannes.co.uk/products/stunning-mid-century-vintage-teak-portwood-sideboard-credenza-1205,FALSE
https://britishhomeinteriors.co.uk/products/mirrored-fireplace,FALSE
http://furniture4lettings.co.uk/../products/sofas/,FALSE
https://furnituredirectonline.co.uk/products/page/2/,FALSE
http://imaginexfurniture.uk/collections/sarah/products/sarah-grey-birch-italian-coffee-table,FALSE
http://m-edition.co.uk/products/ch103-sofa,FALSE
http://macquillanhome.co.uk/products/dressing-table-and-mirror-mqfn187.html,FALSE
https://paulcaseboutique.co.uk/products/spyder-dining-chair,FALSE
https://www.reckageathome.co.uk/products/re014,FALSE
https://rotherwoodfurniture.com/products/silverton-135cm-bedstead,FALSE
https://www.search4furniture.com/products/ritz-bed,FALSE
https://shop4sofas.co.uk/products/rye,FALSE
https://www.simplyhomeinteriors.co.uk/products/wiemann-luxor,FALSE
http://www.sjdfurniture.co.uk/products/,FALSE
https://www.tobychairs.com/products/toby-table-oak,FALSE
https://uniquehomefurnishing.co.uk/products/hzh330,FALSE
https://www.modernfurnituredeals.co.uk/products/ovo,FALSE
https://www.peterboroughreclinercentre.co.uk/products/reno-chair-with-footstool,FALSE
https://outletbarn.co.uk/collections/corner-sofas/products/ellena-recliner-corner-group-brown-only-limited-stock,FALSE
https://www.rightprice.co.uk/collections/all/products/alexis,FALSE
https://www.sheridaninteriors.co.uk/products/celine-fabric-bed,FALSE
https://www.chattelsfurniture.co.uk/products/bedside-table-two-drawers,FALSE
https://www.maisonandgarden.co.uk/products/28cm-solar-ball,FALSE
https://igigishop.co.uk/products/cotton-rug,FALSE
https://divine-interiors.co.uk/products/sofa-deposit,FALSE
https://auburnfox.co.uk/products/iron-and-leather-adjustable-stool,FALSE
https://www.decoframe.co.uk/products/,FALSE
https://ashtonandcoleman.co.uk/products/tables/lamp-table,FALSE
https://www.quaysideinteriors.co.uk/products/alexandra-bed-king,FALSE
https://alidasa.co.uk/products/terra-6-3-drawer-pine-white,FALSE
https://www.lovettandjudge.co.uk/products/worker-bee-picture,FALSE
https://www.toplinestore.co.uk/products/valawhi/products/valawhi&title=Vala%20High%20Gloss%20Coffee%20Tabl...&source=http://www.toplinestore.co.uk/products/valawhi,FALSE
https://chelseafurnishings.co.uk/products/ashton-range,FALSE
https://windsorbedding.co.uk/products/,FALSE
https://www.arfurnishings.co.uk/products/kyoto-quilted-knockerback-chair,FALSE
https://www.dezilux.co.uk/products/aliya-french-style-console-table,FALSE
https://www.harperandfaith.co.uk/products/jupiter-bed,FALSE
https://elegancehomefurniture.co.uk/products/dylan-crushed-velvet-swivel-cuddle-chair,FALSE
https://hemmingandwills.co.uk/products/arne-desk,FALSE
https://jopa-interiors.co.uk/products/black-weave-cushion-with-tag,FALSE
https://airfurniture.co.uk/products/zues-pu-storage-bed,FALSE
https://www.furlon.co.uk/products/194,FALSE
https://rustic-furniture.co.uk/products/curved-open-bedside,FALSE
https://www.skhomedecor.co.uk/products/page/2/,FALSE
https://www.onlydiningchairs.com.au/products/wooden-velvet-retro-grey-dining-chair,FALSE
https://www.myharmony.hk/products/woody-slab-table,FALSE
https://afg.us.com/products/ashley-baraga-h410-24,FALSE
https://noho.co/products/noho-move-chair-topper,FALSE
https://savannahspace.com/products/bo-woven-rug,FALSE
https://www.sundays-company.com/collections/new-arrivals/products/sink-in-sofa-ecru,FALSE
https://thedesigndepot.co.nz/products/,FALSE
https://superdealfurnituregallery.com/products/tristan-5-piece-kitchen-set,FALSE
https://signaturefinefurniture.ca/products/jacobson-bed,FALSE
https://www.mwfurnitureoutlet.com/products/dresser,FALSE
